gain_m_per_Nm,stages,scenario,direction,tail_rms_x_m,tail_rms_vx_m_s,tail_peak_to_peak_x_m,tail_path_length_m,final_abs_x_error_m,position_overshoot_m,peak_abs_theta_deg,tail_rms_theta_deg,vane_command_rms_deg,vane_command_max_deg,moving_mass_max_offset_m,moving_mass_tracking_rms_m,settling_time_s,settled,premature_pause,second_acceleration_lobe_after_full_pause,early_velocity_reversal,moving_mass_rail_saturation,vane_saturation_percent,target_capture_discontinuity,ground_contact,rejected,rejection_reasons,scenario_score,aggregate_score,accepted_all_scenarios,selected
0.0,coarse,disturbance_pos8n,-1,0.09057915096857769,0.2533316115754631,0.2736350158881494,0.44143056270793374,0.12296304773369582,0.6776777917284554,7.016335255111693,3.96481741689911,0.6569835304848664,1.07460954076003,0.0,0.0,6.3,False,False,False,True,False,0.0,False,False,True,early_velocity_reversal,10.839831003449397,16.12857314608312,False,False
0.0,coarse,disturbance_neg8n,1,0.09057915096857769,0.2533316115754631,0.2736350158881494,0.44143056270793374,0.12296304773369582,0.6776777917284554,7.016335255111693,3.96481741689911,0.6569835304848664,1.07460954076003,0.0,0.0,6.3,False,False,False,True,False,0.0,False,False,True,early_velocity_reversal,10.839831003449397,16.12857314608312,False,False
0.0,coarse,target_pos1m,1,0.12581623818328283,0.24428548252739468,0.2272728488154634,0.4352724923829634,0.091472654459398,0.2280258254401175,6.11982041991112,4.217371577883419,0.7022580621116071,4.06502166575997,0.0,0.0,7.0,False,False,False,True,False,0.0,False,False,True,early_velocity_reversal,10.577484285267447,16.12857314608312,False,False
0.0,coarse,target_neg1m,-1,0.12581623818328283,0.24428548252739468,0.2272728488154634,0.4352724923829634,0.091472654459398,0.2280258254401175,6.11982041991112,4.217371577883419,0.7022580621116071,4.06502166575997,0.0,0.0,7.0,False,False,False,True,False,0.0,False,False,True,early_velocity_reversal,10.577484285267447,16.12857314608312,False,False
0.025,coarse,disturbance_pos8n,-1,0.0924770291483575,0.2035653168365404,0.2526698532731046,0.3432955951485071,0.1168294854820294,0.6631548142049217,6.483523230854978,2.977932950905868,0.5252996307183536,0.8417907761633759,0.0013512099621568116,2.9060293142420358e-05,6.3,False,False,False,True,False,0.0,False,False,True,early_velocity_reversal,9.673928760656016,14.322253934001118,False,False
0.025,coarse,disturbance_neg8n,1,0.0924770291483575,0.2035653168365404,0.2526698532731046,0.3432955951485071,0.1168294854820294,0.6631548142049217,6.483523230854978,2.977932950905868,0.5252996307183536,0.8417907761633759,0.0013512099621568116,2.9060293142420358e-05,6.3,False,False,False,True,False,0.0,False,False,True,early_velocity_reversal,9.673928760656016,14.322253934001118,False,False
0.025,coarse,target_pos1m,1,0.11958316480676409,0.18566322324407009,0.18366144583666277,0.33064339580763114,0.1038936534994499,0.19124300591715993,4.878392704100122,3.250673790786786,0.5635791622862957,4.06502166575997,0.0013243608339172826,0.0002436508599589568,7.0,False,True,True,True,False,0.0,False,False,True,premature_pause; second_lobe_after_full_pause; early_velocity_reversal,9.296650346690203,14.322253934001118,False,False
0.025,coarse,target_neg1m,-1,0.11958316480676409,0.18566322324407009,0.18366144583666277,0.33064339580763114,0.1038936534994499,0.19124300591715993,4.878392704100122,3.250673790786786,0.5635791622862957,4.06502166575997,0.0013243608339172826,0.0002436508599589568,7.0,False,True,True,True,False,0.0,False,False,True,premature_pause; second_lobe_after_full_pause; early_velocity_reversal,9.296650346690203,14.322253934001118,False,False
0.04,coarse,disturbance_pos8n,-1,0.07911507585210165,0.17592379598936678,0.20382216485571594,0.2911891375204643,0.08989724298054408,0.6567298523919672,6.228482699912551,2.544807080076511,0.45556114094531214,0.8137343211589092,0.0020898794555185636,6.345871606328153e-05,6.3,False,False,False,True,False,0.0,False,False,True,early_velocity_reversal,8.279854963923938,12.744799725943778,False,False
0.04,coarse,disturbance_neg8n,1,0.07911507585210165,0.17592379598936678,0.20382216485571594,0.2911891375204643,0.08989724298054408,0.6567298523919672,6.228482699912551,2.544807080076511,0.45556114094531214,0.8137343211589092,0.0020898794555185636,6.345871606328153e-05,6.3,False,False,False,True,False,0.0,False,False,True,early_velocity_reversal,8.279854963923938,12.744799725943778,False,False
0.04,coarse,target_pos1m,1,0.12023635701482491,0.15981156872758645,0.1596726906828927,0.28333359065403085,0.09789008675524302,0.18449623504693902,4.430699100965376,2.765465772268132,0.496045757242778,4.06502166575997,0.0018362468540117803,0.00039300664564911403,7.0,False,False,False,False,False,0.0,False,False,False,,8.604872243981811,12.744799725943778,False,False
0.04,coarse,target_neg1m,-1,0.12023635701482491,0.15981156872758645,0.1596726906828927,0.28333359065403085,0.09789008675524302,0.18449623504693902,4.430699100965376,2.765465772268132,0.496045757242778,4.06502166575997,0.0018362468540117803,0.00039300664564911403,7.0,False,False,False,False,False,0.0,False,False,False,,8.604872243981811,12.744799725943778,False,False
0.055,coarse,disturbance_pos8n,-1,0.07042405984801492,0.13187577899642974,0.10457795857742402,0.22142669930589792,0.0023600568757911585,0.6521133062849906,6.007099809918794,2.32238757132717,0.3982678760767032,0.7854786788444068,0.002773803647581402,0.00010338382896196873,6.3,False,True,True,True,False,0.0,False,False,True,premature_pause; second_lobe_after_full_pause; early_velocity_reversal,5.7606278743651975,12.483487375652423,False,False
0.055,coarse,disturbance_neg8n,1,0.07042405984801492,0.13187577899642974,0.10457795857742402,0.22142669930589792,0.0023600568757911585,0.6521133062849906,6.007099809918794,2.32238757132717,0.3982678760767032,0.7854786788444068,0.002773803647581402,0.00010338382896196873,6.3,False,True,True,True,False,0.0,False,False,True,premature_pause; second_lobe_after_full_pause; early_velocity_reversal,5.7606278743651975,12.483487375652423,False,False
0.055,coarse,target_pos1m,1,0.11281344577429435,0.14555215015415202,0.16365828354440892,0.2658265289840317,0.19861520947171063,0.19861520947171063,4.268806795785294,1.9492716044646274,0.4262328240602736,4.06502166575997,0.002332286238816324,0.0005430762875864664,7.0,False,False,False,False,False,0.0,False,False,False,,9.603173438469824,12.483487375652423,False,False
0.055,coarse,target_neg1m,-1,0.11281344577429435,0.14555215015415202,0.16365828354440892,0.2658265289840317,0.19861520947171063,0.19861520947171063,4.268806795785294,1.9492716044646274,0.4262328240602736,4.06502166575997,0.002332286238816324,0.0005430762875864664,7.0,False,False,False,False,False,0.0,False,False,False,,9.603173438469824,12.483487375652423,False,False
0.07,coarse,disturbance_pos8n,-1,0.05109650428132084,0.12697457252863276,0.1139264559709008,0.20701949314386792,0.09017142625137037,0.6431492636330512,5.852650415312952,1.6831192372855286,0.32179372049971056,0.760129220816425,0.0034163639186937313,0.0001512796635373891,6.3,False,True,True,True,False,0.0,False,False,True,premature_pause; second_lobe_after_full_pause; early_velocity_reversal,6.424047828856873,9.540449978155094,False,False
0.07,coarse,disturbance_neg8n,1,0.05109650428132084,0.12697457252863276,0.1139264559709008,0.20701949314386792,0.09017142625137037,0.6431492636330512,5.852650415312952,1.6831192372855286,0.32179372049971056,0.760129220816425,0.0034163639186937313,0.0001512796635373891,6.3,False,True,True,True,False,0.0,False,False,True,premature_pause; second_lobe_after_full_pause; early_velocity_reversal,6.424047828856873,9.540449978155094,False,False
0.07,coarse,target_pos1m,1,0.12242312851371055,0.09896141307030339,0.17809703175804392,0.1780983903380201,0.032752554550437685,0.21198069992986168,4.12346531475324,0.8547709659942928,0.33062648921815563,4.06502166575997,0.002770373348532777,0.0006932337194247313,6.544999999999861,True,False,False,False,False,0.0,False,False,False,,6.232804298596441,9.540449978155094,False,False
0.07,coarse,target_neg1m,-1,0.12242312851371055,0.09896141307030339,0.17809703175804392,0.1780983903380201,0.032752554550437685,0.21198069992986168,4.12346531475324,0.8547709659942928,0.33062648921815563,4.06502166575997,0.002770373348532777,0.0006932337194247313,6.544999999999861,True,False,False,False,False,0.0,False,False,False,,6.232804298596441,9.540449978155094,False,False
0.085,coarse,disturbance_pos8n,-1,0.09209213694985773,0.17856036174038936,0.32709284723831994,0.3270929786360628,0.14115550294955573,0.6417141381730551,5.676237857674111,0.7425160924889318,0.25734993800322514,0.7367615491071691,0.004020912183272025,0.00020227400091778867,6.3,False,True,True,True,False,0.0,False,False,True,premature_pause; second_lobe_after_full_pause; early_velocity_reversal,9.281087029136708,12.656692325641412,False,False
0.085,coarse,disturbance_neg8n,1,0.09209213694985773,0.17856036174038936,0.32709284723831994,0.3270929786360628,0.14115550294955573,0.6417141381730551,5.676237857674111,0.7425160924889318,0.25734993800322514,0.7367615491071691,0.004020912183272025,0.00020227400091778867,6.3,False,True,True,True,False,0.0,False,False,True,premature_pause; second_lobe_after_full_pause; early_velocity_reversal,9.281087029136708,12.656692325641412,False,False
0.085,coarse,target_pos1m,1,0.13788299146791003,0.021084916924367487,0.031121641742765327,0.031121912007383075,0.14795178155872146,0.14795178155872146,4.000212400185718,0.33933639271352356,0.2763219286035524,4.06502166575997,0.003180051439023662,0.0008426489410773878,7.0,False,False,False,False,False,0.0,False,False,False,,6.75121059300941,12.656692325641412,False,False
0.085,coarse,target_neg1m,-1,0.13788299146791003,0.021084916924367487,0.031121641742765327,0.031121912007383075,0.14795178155872146,0.14795178155872146,4.000212400185718,0.33933639271352356,0.2763219286035524,4.06502166575997,0.003180051439023662,0.0008426489410773878,7.0,False,False,False,False,False,0.0,False,False,False,,6.75121059300941,12.656692325641412,False,False
0.1,coarse,disturbance_pos8n,-1,0.26281121942469676,0.0735686023172717,0.13482002389103198,0.13482002959571177,0.2084957659827033,0.641036843987294,5.533855205631132,0.35127557011226834,0.22281240590934503,0.7197580192032561,0.004610291398109131,0.00025721317815514467,6.3,False,False,False,False,False,0.0,False,False,False,,11.545146378074852,13.972463000009682,False,False
0.1,coarse,disturbance_neg8n,1,0.26281121942469676,0.0735686023172717,0.13482002389103198,0.13482002959571177,0.2084957659827033,0.641036843987294,5.533855205631132,0.35127557011226834,0.22281240590934503,0.7197580192032561,0.004610291398109131,0.00025721317815514467,6.3,False,False,False,False,False,0.0,False,False,False,,11.545146378074852,13.972463000009682,False,False
0.1,coarse,target_pos1m,1,0.08393737469979334,0.02008930649881892,0.03907913680624986,0.039079255393438705,0.10452733261636427,0.0,3.88696099461601,0.15864134186385168,0.25363113221159755,4.06502166575997,0.003527702216272019,0.000993874182769839,7.0,False,True,False,True,False,0.0,False,False,True,premature_pause; early_velocity_reversal,4.854633243869663,13.972463000009682,False,False
0.1,coarse,target_neg1m,-1,0.08393737469979334,0.02008930649881892,0.03907913680624986,0.039079255393438705,0.10452733261636427,0.0,3.88696099461601,0.15864134186385168,0.25363113221159755,4.06502166575997,0.003527702216272019,0.000993874182769839,7.0,False,True,False,True,False,0.0,False,False,True,premature_pause; early_velocity_reversal,4.854633243869663,13.972463000009682,False,False
0.105,expanded,disturbance_pos8n,-1,0.26118141493428493,0.0746401247112322,0.13944106037931797,0.13944106433498005,0.20289358026916482,0.6392940365189459,5.497429246997974,0.32738690844908225,0.21623542311481667,0.7119016299347292,0.0047887935229747785,0.0002771169108251772,6.3,False,False,False,False,False,0.0,False,False,False,,11.450791684125429,13.720185739461188,False,False
0.105,expanded,disturbance_neg8n,1,0.26118141493428493,0.0746401247112322,0.13944106037931797,0.13944106433498005,0.20289358026916482,0.6392940365189459,5.497429246997974,0.32738690844908225,0.21623542311481667,0.7119016299347292,0.0047887935229747785,0.0002771169108251772,6.3,False,False,False,False,False,0.0,False,False,False,,11.450791684125429,13.720185739461188,False,False
0.105,expanded,target_pos1m,1,0.0658562325724075,0.02979104564031502,0.058648428680516784,0.0586484485879584,0.09542536249228761,0.0,3.8609683923350984,0.1436631043107358,0.24115985348052524,4.06502166575997,0.0036387345400941116,0.001044495091502845,7.0,False,False,False,True,False,0.0,False,False,True,early_velocity_reversal,4.5387881106715176,13.720185739461188,False,False
0.105,expanded,target_neg1m,-1,0.0658562325724075,0.02979104564031502,0.058648428680516784,0.0586484485879584,0.09542536249228761,0.0,3.8609683923350984,0.1436631043107358,0.24115985348052524,4.06502166575997,0.0036387345400941116,0.001044495091502845,7.0,False,False,False,True,False,0.0,False,False,True,early_velocity_reversal,4.5387881106715176,13.720185739461188,False,False
0.11,expanded,disturbance_pos8n,-1,0.24540335447189413,0.07798958181668854,0.1473593603140401,0.14735936305533676,0.18214103185539934,0.6380808824713112,5.458380119394748,0.31285858162618524,0.2077098256044983,0.704783050881647,0.004977678733417902,0.0002984180817252151,6.3,False,False,False,False,False,0.0,False,False,False,,10.884549673624607,12.94970554371015,False,False
0.11,expanded,disturbance_neg8n,1,0.24540335447189413,0.07798958181668854,0.1473593603140401,0.14735936305533676,0.18214103185539934,0.6380808824713112,5.458380119394748,0.31285858162618524,0.2077098256044983,0.704783050881647,0.004977678733417902,0.0002984180817252151,6.3,False,False,False,False,False,0.0,False,False,False,,10.884549673624607,12.94970554371015,False,False
0.11,expanded,target_pos1m,1,0.0562129563635911,0.02781073171510223,0.05377066729177715,0.05377068533064418,0.08471643844031729,0.0,3.8206909998046075,0.14127669988905966,0.23516216635903323,4.06502166575997,0.003724671790268512,0.00109525917306442,7.0,False,False,False,True,False,0.0,False,False,True,early_velocity_reversal,4.130311740171089,12.94970554371015,False,False
0.11,expanded,target_neg1m,-1,0.0562129563635911,0.02781073171510223,0.05377066729177715,0.05377068533064418,0.08471643844031729,0.0,3.8206909998046075,0.14127669988905966,0.23516216635903323,4.06502166575997,0.003724671790268512,0.00109525917306442,7.0,False,False,False,True,False,0.0,False,False,True,early_velocity_reversal,4.130311740171089,12.94970554371015,False,False
0.115,expanded,disturbance_pos8n,-1,0.2452906960914691,0.07942108638597256,0.15120763063661216,0.151207632482862,0.17931551437121465,0.6366479206539932,5.430354267016179,0.2981002609404851,0.20299928174295628,0.6973243308613244,0.005148863885290696,0.0003187158158108029,6.3,False,False,False,False,False,0.0,False,False,False,,10.864846367454252,12.871546472019691,False,False
0.115,expanded,disturbance_neg8n,1,0.2452906960914691,0.07942108638597256,0.15120763063661216,0.151207632482862,0.17931551437121465,0.6366479206539932,5.430354267016179,0.2981002609404851,0.20299928174295628,0.6973243308613244,0.005148863885290696,0.0003187158158108029,6.3,False,False,False,False,False,0.0,False,False,False,,10.864846367454252,12.871546472019691,False,False
0.115,expanded,target_pos1m,1,0.05398398972589275,0.026751337551209387,0.0505662215158732,0.05056623802176223,0.0820547409789083,0.0,3.7933644538686675,0.1441452822128166,0.2312239643582371,4.06502166575997,0.0038522062828832662,0.0011461791366820702,7.0,False,False,False,True,False,0.0,False,False,True,early_velocity_reversal,4.013400209130878,12.871546472019691,False,False
0.115,expanded,target_neg1m,-1,0.05398398972589275,0.026751337551209387,0.0505662215158732,0.05056623802176223,0.0820547409789083,0.0,3.7933644538686675,0.1441452822128166,0.2312239643582371,4.06502166575997,0.0038522062828832662,0.0011461791366820702,7.0,False,False,False,True,False,0.0,False,False,True,early_velocity_reversal,4.013400209130878,12.871546472019691,False,False
0.12,expanded,disturbance_pos8n,-1,0.14144412185100663,0.09495016088863653,0.17984891755583232,0.17984891903174288,0.05881027190755105,0.6404182963966666,5.354071204750701,0.3287016691320702,0.18203114236816142,0.6906775509492629,0.005321515607255253,0.00033537816795492823,6.3,False,False,False,False,False,0.0,False,False,False,,7.261836385072351,8.843159578018279,True,False
0.12,expanded,disturbance_neg8n,1,0.14144412185100663,0.09495016088863653,0.17984891755583232,0.17984891903174288,0.05881027190755105,0.6404182963966666,5.354071204750701,0.3287016691320702,0.18203114236816142,0.6906775509492629,0.005321515607255253,0.00033537816795492823,6.3,False,False,False,False,False,0.0,False,False,False,,7.261836385072351,8.843159578018279,True,False
0.12,expanded,target_pos1m,1,0.06169278348604636,0.024253084870153305,0.04048059844841356,0.04217627393339836,0.032763879298216336,0.0732444777466299,3.7698912983060144,0.17877506221847553,0.21831604096481214,4.06502166575997,0.003952883448304681,0.001197211406324919,6.524999999999862,True,False,False,False,False,0.0,False,False,False,,3.162646385891855,8.843159578018279,True,False
0.12,expanded,target_neg1m,-1,0.06169278348604636,0.024253084870153305,0.04048059844841356,0.04217627393339836,0.032763879298216336,0.0732444777466299,3.7698912983060144,0.17877506221847553,0.21831604096481214,4.06502166575997,0.003952883448304681,0.001197211406324919,6.524999999999862,True,False,False,False,False,0.0,False,False,False,,3.162646385891855,8.843159578018279,True,False
0.125,expanded+refined,disturbance_pos8n,-1,0.13916469916631508,0.09683244397661489,0.18386404679654417,0.18386404778347218,0.053801285470849,0.6388177083934787,5.327728604066864,0.32279404609506485,0.1776892938949551,0.686598048429405,0.0055105043769165495,0.00036147465916852367,6.3,False,False,False,False,False,0.0,False,False,False,,7.173140147223595,8.762412039623772,True,False
0.125,expanded+refined,disturbance_neg8n,1,0.13916469916631508,0.09683244397661489,0.18386404679654417,0.18386404778347218,0.053801285470849,0.6388177083934787,5.327728604066864,0.32279404609506485,0.1776892938949551,0.686598048429405,0.0055105043769165495,0.00036147465916852367,6.3,False,False,False,False,False,0.0,False,False,False,,7.173140147223595,8.762412039623772,True,False
0.125,expanded+refined,target_pos1m,1,0.062204217896026266,0.024027034248917507,0.0388300817502405,0.04151399704955597,0.03400197946124339,0.07283206121148389,3.7391647322672372,0.18677588609187282,0.21487531207843064,4.06502166575997,0.004039453838968871,0.0012484261613460242,6.564999999999861,True,False,False,False,False,0.0,False,False,False,,3.178543784800353,8.762412039623772,True,False
0.125,expanded+refined,target_neg1m,-1,0.062204217896026266,0.024027034248917507,0.0388300817502405,0.04151399704955597,0.03400197946124339,0.07283206121148389,3.7391647322672372,0.18677588609187282,0.21487531207843064,4.06502166575997,0.004039453838968871,0.0012484261613460242,6.564999999999861,True,False,False,False,False,0.0,False,False,False,,3.178543784800353,8.762412039623772,True,False
0.1275,refined,disturbance_pos8n,-1,0.13846949549987705,0.09783624340629278,0.1859160214197032,0.18591602221851983,0.05180286711729366,0.6383623670394347,5.311290537176412,0.3209974598469604,0.17545622419487408,0.6831360159462044,0.005592373288216511,0.0003721615494413541,6.3,False,False,False,False,False,0.0,False,False,False,,7.146012047525408,8.764594690500594,True,False
0.1275,refined,disturbance_neg8n,1,0.13846949549987705,0.09783624340629278,0.1859160214197032,0.18591602221851983,0.05180286711729366,0.6383623670394347,5.311290537176412,0.3209974598469604,0.17545622419487408,0.6831360159462044,0.005592373288216511,0.0003721615494413541,6.3,False,False,False,False,False,0.0,False,False,False,,7.146012047525408,8.764594690500594,True,False
0.1275,refined,target_pos1m,1,0.06381900095429244,0.023928955607724043,0.03803730959485274,0.04134701043903223,0.03605902689212881,0.07409633648698155,3.7211798784822796,0.19153960540033513,0.2130799680078287,4.06502166575997,0.004076998674809567,0.001273540559832772,6.61999999999986,True,False,False,False,False,0.0,False,False,False,,3.23716528595037,8.764594690500594,True,False
0.1275,refined,target_neg1m,-1,0.06381900095429244,0.023928955607724043,0.03803730959485274,0.04134701043903223,0.03605902689212881,0.07409633648698155,3.7211798784822796,0.19153960540033513,0.2130799680078287,4.06502166575997,0.004076998674809567,0.001273540559832772,6.61999999999986,True,False,False,False,False,0.0,False,False,False,,3.23716528595037,8.764594690500594,True,False
0.13,expanded+refined,disturbance_pos8n,-1,0.14011013302628114,0.09832509947241894,0.18697475149313791,0.1869747521394159,0.052874716956355254,0.6377634044513567,5.301445019604507,0.31867913728310354,0.17395855353343226,0.6797364984054353,0.005673652575766668,0.0003829599073169861,6.3,False,False,False,False,False,0.0,False,False,False,,7.20251370121187,8.857117679645716,True,False
0.13,expanded+refined,disturbance_neg8n,1,0.14011013302628114,0.09832509947241894,0.18697475149313791,0.1869747521394159,0.052874716956355254,0.6377634044513567,5.301445019604507,0.31867913728310354,0.17395855353343226,0.6797364984054353,0.005673652575766668,0.0003829599073169861,6.3,False,False,False,False,False,0.0,False,False,False,,7.20251370121187,8.857117679645716,True,False
0.13,expanded+refined,target_pos1m,1,0.06577578384436794,0.023871317975880036,0.037365911912282446,0.04131581604956932,0.03842817072968474,0.07579408264196719,3.705067544709369,0.19627331014008892,0.2114414073173962,4.06502166575997,0.004117986741874695,0.0012983179647120507,6.689999999999858,True,False,False,False,False,0.0,False,False,False,,3.3092079568676933,8.857117679645716,True,False
0.13,expanded+refined,target_neg1m,-1,0.06577578384436794,0.023871317975880036,0.037365911912282446,0.04131581604956932,0.03842817072968474,0.07579408264196719,3.705067544709369,0.19627331014008892,0.2114414073173962,4.06502166575997,0.004117986741874695,0.0012983179647120507,6.689999999999858,True,False,False,False,False,0.0,False,False,False,,3.3092079568676933,8.857117679645716,True,False
0.1325,refined,disturbance_pos8n,-1,0.07283725275402005,0.10891020318535326,0.20595381875206153,0.20595381940109733,0.041479765444112957,0.6362742348742384,5.299885775668578,0.34591064668101257,0.1684322266795455,0.6789245332319717,0.005765426745216808,0.0003958315770123015,6.209999999999853,True,False,False,False,False,0.0,False,False,False,,5.636490688673528,7.241024130285011,True,True
0.1325,refined,disturbance_neg8n,1,0.07283725275402005,0.10891020318535326,0.20595381875206153,0.20595381940109733,0.041479765444112957,0.6362742348742384,5.299885775668578,0.34591064668101257,0.1684322266795455,0.6789245332319717,0.005765426745216808,0.0003958315770123015,6.209999999999853,True,False,False,False,False,0.0,False,False,False,,5.636490688673528,7.241024130285011,True,True
0.1325,refined,target_pos1m,1,0.06297871533140077,0.023830049497519577,0.036944747966303204,0.04133306179158551,0.035855380619561616,0.07280012858586482,3.691214241430076,0.19981116109259348,0.21014822754259507,4.06502166575997,0.004174218219989189,0.0013231153117448237,6.61499999999986,True,False,False,False,False,0.0,False,False,False,,3.209066883222964,7.241024130285011,True,True
0.1325,refined,target_neg1m,-1,0.06297871533140077,0.023830049497519577,0.036944747966303204,0.04133306179158551,0.035855380619561616,0.07280012858586482,3.691214241430076,0.19981116109259348,0.21014822754259507,4.06502166575997,0.004174218219989189,0.0013231153117448237,6.61499999999986,True,False,False,False,False,0.0,False,False,False,,3.209066883222964,7.241024130285011,True,True
0.135,expanded+refined,disturbance_pos8n,-1,0.07248237283953793,0.1099295206682465,0.2079383653577016,0.20793836588876496,0.04392570772712504,0.6358957862483734,5.2832899630273324,0.3455263774629335,0.16648026458240348,0.6755816661926936,0.005845929080595429,0.00040733611677361796,6.214999999999853,True,False,False,False,False,0.0,False,False,False,,5.683225787131489,7.353313050955792,True,False
0.135,expanded+refined,disturbance_neg8n,1,0.07248237283953793,0.1099295206682465,0.2079383653577016,0.20793836588876496,0.04392570772712504,0.6358957862483734,5.2832899630273324,0.3455263774629335,0.16648026458240348,0.6755816661926936,0.005845929080595429,0.00040733611677361796,6.214999999999853,True,False,False,False,False,0.0,False,False,False,,5.683225787131489,7.353313050955792,True,False
0.135,expanded+refined,target_pos1m,1,0.06653531232748566,0.023784561358126906,0.03626992313041488,0.04139109673476436,0.03990448819919923,0.07617441132961411,3.673148747655666,0.20482513628719456,0.20846449505593057,4.06502166575997,0.004222089988477746,0.0013479255061991443,6.729999999999857,True,False,False,False,False,0.0,False,False,False,,3.340174527648605,7.353313050955792,True,False
0.135,expanded+refined,target_neg1m,-1,0.06653531232748566,0.023784561358126906,0.03626992313041488,0.04139109673476436,0.03990448819919923,0.07617441132961411,3.673148747655666,0.20482513628719456,0.20846449505593057,4.06502166575997,0.004222089988477746,0.0013479255061991443,6.729999999999857,True,False,False,False,False,0.0,False,False,False,,3.340174527648605,7.353313050955792,True,False
0.1375,refined,disturbance_pos8n,-1,0.07325472655817826,0.1105483662056282,0.2091731812014222,0.20917318163533266,0.0437205871643455,0.6352689746213188,5.272449650500951,0.3444700502722493,0.16493199690971153,0.672763840412489,0.005939421569108335,0.0004216105935110926,6.214999999999853,True,False,False,False,False,0.0,False,False,False,,5.705646286217929,7.377445114282042,True,False
0.1375,refined,disturbance_neg8n,1,0.07325472655817826,0.1105483662056282,0.2091731812014222,0.20917318163533266,0.0437205871643455,0.6352689746213188,5.272449650500951,0.3444700502722493,0.16493199690971153,0.672763840412489,0.005939421569108335,0.0004216105935110926,6.214999999999853,True,False,False,False,False,0.0,False,False,False,,5.705646286217929,7.377445114282042,True,False
0.1375,refined,target_pos1m,1,0.06656507237930967,0.023808714079772905,0.035992160972852405,0.04154517324073739,0.04013259818193626,0.07612475915478867,3.6635967522602155,0.20830115162475243,0.2074402584807971,4.06502166575997,0.004280836641063464,0.0013727531165029204,6.734999999999857,True,False,False,False,False,0.0,False,False,False,,3.343597656128226,7.377445114282042,True,False
0.1375,refined,target_neg1m,-1,0.06656507237930967,0.023808714079772905,0.035992160972852405,0.04154517324073739,0.04013259818193626,0.07612475915478867,3.6635967522602155,0.20830115162475243,0.2074402584807971,4.06502166575997,0.004280836641063464,0.0013727531165029204,6.734999999999857,True,False,False,False,False,0.0,False,False,False,,3.343597656128226,7.377445114282042,True,False
0.14,expanded+refined,disturbance_pos8n,-1,0.07413596507838732,0.11121611819880367,0.21048243763699714,0.21048243799395533,0.04335639417323062,0.635121528724926,5.258626304695643,0.3439735065335027,0.16328435254506846,0.6694828510896701,0.006017918693633557,0.00043219958961297896,6.219999999999853,True,False,False,False,False,0.0,False,False,False,,5.728679094863001,9.700657280404945,True,False
0.14,expanded+refined,disturbance_neg8n,1,0.07413596507838732,0.11121611819880367,0.21048243763699714,0.21048243799395533,0.04335639417323062,0.635121528724926,5.258626304695643,0.3439735065335027,0.16328435254506846,0.6694828510896701,0.006017918693633557,0.00043219958961297896,6.219999999999853,True,False,False,False,False,0.0,False,False,False,,5.728679094863001,9.700657280404945,True,False
0.14,expanded+refined,target_pos1m,1,0.15552124344331766,0.024650832838352905,0.03275987178221618,0.04350351805473644,0.13180053869592023,0.1645604104781364,3.6523459179925513,0.23077595626113337,0.20531356495410258,4.06502166575997,0.0043065379799818344,0.0013975842701469399,7.0,False,False,False,False,False,0.0,False,False,False,,6.836317732973445,9.700657280404945,True,False
0.14,expanded+refined,target_neg1m,-1,0.15552124344331766,0.024650832838352905,0.03275987178221618,0.04350351805473644,0.13180053869592023,0.1645604104781364,3.6523459179925513,0.23077595626113337,0.20531356495410258,4.06502166575997,0.0043065379799818344,0.0013975842701469399,7.0,False,False,False,False,False,0.0,False,False,False,,6.836317732973445,9.700657280404945,True,False
0.1425,refined,disturbance_pos8n,-1,0.0759908466361588,0.11164824294588875,0.2113611694701546,0.21136116976339003,0.040957722163744624,0.6347993526699774,5.2454810917947805,0.3430480338814069,0.16168388107608425,0.6662338970343793,0.0060956556214025945,0.0004437620230399409,6.224999999999853,True,False,False,False,False,0.0,False,False,False,,5.735993015029721,9.682866174053453,True,False
0.1425,refined,disturbance_neg8n,1,0.0759908466361588,0.11164824294588875,0.2113611694701546,0.21136116976339003,0.040957722163744624,0.6347993526699774,5.2454810917947805,0.3430480338814069,0.16168388107608425,0.6662338970343793,0.0060956556214025945,0.0004437620230399409,6.224999999999853,True,False,False,False,False,0.0,False,False,False,,5.735993015029721,9.682866174053453,True,False
0.1425,refined,target_pos1m,1,0.15483758513881304,0.024717243124406308,0.032409962420944405,0.04368862952863768,0.13141340389508072,0.16382336631602512,3.6381394630680903,0.23379933691934462,0.20409829704096522,4.06502166575997,0.0043450073481828295,0.0014224546794722763,7.0,False,False,False,False,False,0.0,False,False,False,,6.814869666538592,9.682866174053453,True,False
0.1425,refined,target_neg1m,-1,0.15483758513881304,0.024717243124406308,0.032409962420944405,0.04368862952863768,0.13141340389508072,0.16382336631602512,3.6381394630680903,0.23379933691934462,0.20409829704096522,4.06502166575997,0.0043450073481828295,0.0014224546794722763,7.0,False,False,False,False,False,0.0,False,False,False,,6.814869666538592,9.682866174053453,True,False
0.145,expanded+refined,disturbance_pos8n,-1,0.0748615579371156,0.11276508198004359,0.21345049523759727,0.21345049548597583,0.04470038622717762,0.6347935573104061,5.22965840847007,0.34432429321859526,0.15998299954570966,0.6630163333385427,0.006172641774835289,0.0004544085525692099,6.229999999999853,True,False,False,False,False,0.0,False,False,False,,5.789111492607358,9.617911489240617,True,False
0.145,expanded+refined,disturbance_neg8n,1,0.0748615579371156,0.11276508198004359,0.21345049523759727,0.21345049548597583,0.04470038622717762,0.6347935573104061,5.22965840847007,0.34432429321859526,0.15998299954570966,0.6630163333385427,0.006172641774835289,0.0004544085525692099,6.229999999999853,True,False,False,False,False,0.0,False,False,False,,5.789111492607358,9.617911489240617,True,False
0.145,expanded+refined,target_pos1m,1,0.15223957457195347,0.024740999563456684,0.032111618660708885,0.04378308436082252,0.12906773430321272,0.1611793529639216,3.6237796822959565,0.2362437302875209,0.20285026436698664,4.06502166575997,0.004380050852547219,0.0014480259107454419,7.0,False,False,False,False,False,0.0,False,False,False,,6.723355742936938,9.617911489240617,True,False
0.145,expanded+refined,target_neg1m,-1,0.15223957457195347,0.024740999563456684,0.032111618660708885,0.04378308436082252,0.12906773430321272,0.1611793529639216,3.6237796822959565,0.2362437302875209,0.20285026436698664,4.06502166575997,0.004380050852547219,0.0014480259107454419,7.0,False,False,False,False,False,0.0,False,False,False,,6.723355742936938,9.617911489240617,True,False
0.15,expanded,disturbance_pos8n,-1,0.07653264683532787,0.11485465231239733,0.21741447177458795,0.21741447196423472,0.04509873081544269,0.6390198040904598,5.159778665209066,0.3476566985685879,0.15524804567264547,0.6574156446653431,0.006331551282676895,0.0004734560337531562,6.244999999999853,True,False,False,False,False,0.0,False,False,False,,5.865002777181445,9.630656973447067,True,False
0.15,expanded,disturbance_neg8n,1,0.07653264683532787,0.11485465231239733,0.21741447177458795,0.21741447196423472,0.04509873081544269,0.6390198040904598,5.159778665209066,0.3476566985685879,0.15524804567264547,0.6574156446653431,0.006331551282676895,0.0004734560337531562,6.244999999999853,True,False,False,False,False,0.0,False,False,False,,5.865002777181445,9.630656973447067,True,False
0.15,expanded,target_pos1m,1,0.15137696707262446,0.024845204847611328,0.03144868588577632,0.04403454494072891,0.12876839294007958,0.1602170788258559,3.597177543583194,0.24140204336837168,0.20067121094912957,4.06502166575997,0.004454743296449493,0.0014992650437343844,7.0,False,False,False,False,False,0.0,False,False,False,,6.698155584856344,9.630656973447067,True,False
0.15,expanded,target_neg1m,-1,0.15137696707262446,0.024845204847611328,0.03144868588577632,0.04403454494072891,0.12876839294007958,0.1602170788258559,3.597177543583194,0.24140204336837168,0.20067121094912957,4.06502166575997,0.004454743296449493,0.0014992650437343844,7.0,False,False,False,False,False,0.0,False,False,False,,6.698155584856344,9.630656973447067,True,False
0.155,expanded,disturbance_pos8n,-1,0.07463229135963742,0.12442164473696474,0.2346274331592672,0.23462743335945402,0.12313522187571806,0.6387895630839303,5.138101815202333,0.36989737971388714,0.15507046952753,0.6518477691020685,0.006487191617083434,0.0004823524821928107,6.3,False,False,False,False,False,0.0,False,False,False,,7.434213586280423,10.684780637967387,True,False
0.155,expanded,disturbance_neg8n,1,0.07463229135963742,0.12442164473696474,0.2346274331592672,0.23462743335945402,0.12313522187571806,0.6387895630839303,5.138101815202333,0.36989737971388714,0.15507046952753,0.6518477691020685,0.006487191617083434,0.0004823524821928107,6.3,False,False,False,False,False,0.0,False,False,False,,7.434213586280423,10.684780637967387,True,False
0.155,expanded,target_pos1m,1,0.14581519580711388,0.024833346048375768,0.030981472181217162,0.044044864332281684,0.12359487644768108,0.15457634862889824,3.576215768951074,0.24484192725838916,0.19873349666881393,4.06502166575997,0.004568468457761615,0.0015506741811070438,7.0,False,False,False,False,False,0.0,False,False,False,,6.5011341033739285,10.684780637967387,True,False
0.155,expanded,target_neg1m,-1,0.14581519580711388,0.024833346048375768,0.030981472181217162,0.044044864332281684,0.12359487644768108,0.15457634862889824,3.576215768951074,0.24484192725838916,0.19873349666881393,4.06502166575997,0.004568468457761615,0.0015506741811070438,7.0,False,False,False,False,False,0.0,False,False,False,,6.5011341033739285,10.684780637967387,True,False
0.16,expanded,disturbance_pos8n,-1,0.07334197514582921,0.125014418498443,0.235813536520532,0.23581353669329266,0.11919690432956954,0.6382283366101463,5.115265926230642,0.3691100177115927,0.15239588870945434,0.6458558899521857,0.006634901350991833,0.00050742179826517,6.3,False,False,False,False,False,0.0,False,False,False,,7.357237737857566,12.81686179963447,True,False
0.16,expanded,disturbance_neg8n,1,0.07334197514582921,0.125014418498443,0.235813536520532,0.23581353669329266,0.11919690432956954,0.6382283366101463,5.115265926230642,0.3691100177115927,0.15239588870945434,0.6458558899521857,0.006634901350991833,0.00050742179826517,6.3,False,False,False,False,False,0.0,False,False,False,,7.357237737857566,12.81686179963447,True,False
0.16,expanded,target_pos1m,1,0.21767521824376634,0.026717662536688405,0.0289320471746477,0.047010905661797275,0.1974118899360171,0.2263439371106648,3.5647984720172765,0.2607499894306374,0.2009918480136614,4.06502166575997,0.004655981338918657,0.001602207430526621,7.0,False,False,False,False,False,0.0,False,False,False,,9.138242930705688,12.81686179963447,True,False
0.16,expanded,target_neg1m,-1,0.21767521824376634,0.026717662536688405,0.0289320471746477,0.047010905661797275,0.1974118899360171,0.2263439371106648,3.5647984720172765,0.2607499894306374,0.2009918480136614,4.06502166575997,0.004655981338918657,0.001602207430526621,7.0,False,False,False,False,False,0.0,False,False,False,,9.138242930705688,12.81686179963447,True,False
0.165,expanded,disturbance_pos8n,-1,0.07310642308819401,0.12578149784876944,0.23729628876136782,0.23729628892231378,0.11780290443612296,0.6377070363077062,5.094692869524332,0.3691709000323835,0.1501514021231452,0.6430619075260712,0.006812642595011237,0.0005355525915641175,6.3,False,False,False,False,False,0.0,False,False,False,,7.344166265907797,13.189229803065254,True,False
0.165,expanded,disturbance_neg8n,1,0.07310642308819401,0.12578149784876944,0.23729628876136782,0.23729628892231378,0.11780290443612296,0.6377070363077062,5.094692869524332,0.3691709000323835,0.1501514021231452,0.6430619075260712,0.006812642595011237,0.0005355525915641175,6.3,False,False,False,False,False,0.0,False,False,False,,7.344166265907797,13.189229803065254,True,False
0.165,expanded,target_pos1m,1,0.2278161349658016,0.027198642549726107,0.028122379886676763,0.04765315549657201,0.2083098385451596,0.23643221843183637,3.540270211119213,0.265436729423278,0.2002124182177067,4.06502166575997,0.004728061742809359,0.0016536136708804015,7.0,False,False,False,False,False,0.0,False,False,False,,9.517146670111355,13.189229803065254,True,False
0.165,expanded,target_neg1m,-1,0.2278161349658016,0.027198642549726107,0.028122379886676763,0.04765315549657201,0.2083098385451596,0.23643221843183637,3.540270211119213,0.265436729423278,0.2002124182177067,4.06502166575997,0.004728061742809359,0.0016536136708804015,7.0,False,False,False,False,False,0.0,False,False,False,,9.517146670111355,13.189229803065254,True,False
0.17,expanded,disturbance_pos8n,-1,0.07224713775009257,0.1259040420046306,0.2375658143202862,0.23756581447450442,0.1147283406793201,0.6355201447970624,5.088955794219142,0.3679078435412273,0.14857189693165482,0.6399423905136041,0.006985036723894114,0.0005827801498297666,6.3,False,False,False,False,False,0.0,False,False,False,,7.281433220629492,13.017386704794056,True,False
0.17,expanded,disturbance_neg8n,1,0.07224713775009257,0.1259040420046306,0.2375658143202862,0.23756581447450442,0.1147283406793201,0.6355201447970624,5.088955794219142,0.3679078435412273,0.14857189693165482,0.6399423905136041,0.006985036723894114,0.0005827801498297666,6.3,False,False,False,False,False,0.0,False,False,False,,7.281433220629492,13.017386704794056,True,False
0.17,expanded,target_pos1m,1,0.22382079852537484,0.027242722242321393,0.027614538190759763,0.047623328143865246,0.2047472612385155,0.23236179942927526,3.5168101270670697,0.2672012725508328,0.19835384195635303,4.06502166575997,0.004793380068983456,0.001705477023051078,7.0,False,False,False,False,False,0.0,False,False,False,,9.37667009447931,13.017386704794056,True,False
0.17,expanded,target_neg1m,-1,0.22382079852537484,0.027242722242321393,0.027614538190759763,0.047623328143865246,0.2047472612385155,0.23236179942927526,3.5168101270670697,0.2672012725508328,0.19835384195635303,4.06502166575997,0.004793380068983456,0.001705477023051078,7.0,False,False,False,False,False,0.0,False,False,False,,9.37667009447931,13.017386704794056,True,False
0.175,expanded,disturbance_pos8n,-1,0.07149734146792192,0.12632724266157727,0.23842600587642981,0.2384260060303499,0.11108393827171763,0.6356119918391643,5.071469108099768,0.3677821950455067,0.14651595289552666,0.634347630345781,0.007127615762361807,0.0006062319692073792,6.3,False,False,False,False,False,0.0,False,False,False,,7.218167239853791,12.85570381709574,True,False
0.175,expanded,disturbance_neg8n,1,0.07149734146792192,0.12632724266157727,0.23842600587642981,0.2384260060303499,0.11108393827171763,0.6356119918391643,5.071469108099768,0.3677821950455067,0.14651595289552666,0.634347630345781,0.007127615762361807,0.0006062319692073792,6.3,False,False,False,False,False,0.0,False,False,False,,7.218167239853791,12.85570381709574,True,False
0.175,expanded,target_pos1m,1,0.2201173143891928,0.027278030904572252,0.027142762783626262,0.04757836835241698,0.20144384539533822,0.22858660817896448,3.4956950995745224,0.26859946191946993,0.19668332552883797,4.06502166575997,0.00486179857908124,0.001757477060064738,7.0,False,False,False,False,False,0.0,False,False,False,,9.246620197168847,12.85570381709574,True,False
0.175,expanded,target_neg1m,-1,0.2201173143891928,0.027278030904572252,0.027142762783626262,0.04757836835241698,0.20144384539533822,0.22858660817896448,3.4956950995745224,0.26859946191946993,0.19668332552883797,4.06502166575997,0.00486179857908124,0.001757477060064738,7.0,False,False,False,False,False,0.0,False,False,False,,9.246620197168847,12.85570381709574,True,False
0.18,expanded,disturbance_pos8n,-1,0.07129395254570081,0.12698636747856418,0.23972288293017102,0.23972288308758255,0.10878755056722432,0.6368697253551461,5.048820672932279,0.36849316278467475,0.14443792580912676,0.6288503037151146,0.00726772866401334,0.0006158792854709817,6.3,False,False,False,False,False,0.0,False,False,False,,7.191004643444969,12.611507354106772,True,False
0.18,expanded,disturbance_neg8n,1,0.07129395254570081,0.12698636747856418,0.23972288293017102,0.23972288308758255,0.10878755056722432,0.6368697253551461,5.048820672932279,0.36849316278467475,0.14443792580912676,0.6288503037151146,0.00726772866401334,0.0006158792854709817,6.3,False,False,False,False,False,0.0,False,False,False,,7.191004643444969,12.611507354106772,True,False
0.18,expanded,target_pos1m,1,0.21368495775658958,0.02720329679579737,0.026776247967780664,0.04737721170581129,0.1953029468981562,0.22207919486593686,3.4779734226928487,0.269202784256641,0.19496774880158219,4.06502166575997,0.0049369142940085065,0.0018097794295993898,7.0,False,False,False,False,False,0.0,False,False,False,,9.016005032384289,12.611507354106772,True,False
0.18,expanded,target_neg1m,-1,0.21368495775658958,0.02720329679579737,0.026776247967780664,0.04737721170581129,0.1953029468981562,0.22207919486593686,3.4779734226928487,0.269202784256641,0.19496774880158219,4.06502166575997,0.0049369142940085065,0.0018097794295993898,7.0,False,False,False,False,False,0.0,False,False,False,,9.016005032384289,12.611507354106772,True,False
0.185,expanded,disturbance_pos8n,-1,0.10293109491541831,0.13541509033683066,0.25503744308745335,0.2550374433147884,0.17258515057659266,0.640038683172752,4.975304159946993,0.38518871234871255,0.14653252668603475,0.6241973516404518,0.0074143411653484785,0.0006370779873701549,6.3,False,False,False,False,False,0.0,False,False,False,,8.9483122531764,13.44464071208173,True,False
0.185,expanded,disturbance_neg8n,1,0.10293109491541831,0.13541509033683066,0.25503744308745335,0.2550374433147884,0.17258515057659266,0.640038683172752,4.975304159946993,0.38518871234871255,0.14653252668603475,0.6241973516404518,0.0074143411653484785,0.0006370779873701549,6.3,False,False,False,False,False,0.0,False,False,False,,8.9483122531764,13.44464071208173,True,False
0.185,expanded,target_pos1m,1,0.2122917477320403,0.027298138830336088,0.02630040716896076,0.0474184990140846,0.1943250321089296,0.22062543927789036,3.45728924561058,0.2704194482659492,0.19364211124000233,4.06502166575997,0.005009530577201484,0.001862269397711174,7.0,False,False,False,False,False,0.0,False,False,False,,8.97048458549353,13.44464071208173,True,False
0.185,expanded,target_neg1m,-1,0.2122917477320403,0.027298138830336088,0.02630040716896076,0.0474184990140846,0.1943250321089296,0.22062543927789036,3.45728924561058,0.2704194482659492,0.19364211124000233,4.06502166575997,0.005009530577201484,0.001862269397711174,7.0,False,False,False,False,False,0.0,False,False,False,,8.97048458549353,13.44464071208173,True,False
0.19,expanded,disturbance_pos8n,-1,0.10042524662919228,0.13560123616338693,0.25546700533578126,0.25546700556775837,0.16900799252586676,0.6397560328899252,4.960095398957222,0.3842157765072748,0.14472251734206665,0.6190099091736155,0.0075514461833826605,0.0006654048723595998,6.3,False,False,False,False,False,0.0,False,False,False,,8.846489410862214,13.204936966273927,True,False
0.19,expanded,disturbance_neg8n,1,0.10042524662919228,0.13560123616338693,0.25546700533578126,0.25546700556775837,0.16900799252586676,0.6397560328899252,4.960095398957222,0.3842157765072748,0.14472251734206665,0.6190099091736155,0.0075514461833826605,0.0006654048723595998,6.3,False,False,False,False,False,0.0,False,False,False,,8.846489410862214,13.204936966273927,True,False
0.19,expanded,target_pos1m,1,0.20524457969309592,0.027169510681739745,0.026047679200302154,0.04715580740871489,0.18746345194245828,0.21351113114276044,3.444109753631119,0.2703949246763061,0.1921782617152441,4.06502166575997,0.0051324723914901145,0.0019150061435924946,7.0,False,False,False,False,False,0.0,False,False,False,,8.71689511082343,13.204936966273927,True,False
0.19,expanded,target_neg1m,-1,0.20524457969309592,0.027169510681739745,0.026047679200302154,0.04715580740871489,0.18746345194245828,0.21351113114276044,3.444109753631119,0.2703949246763061,0.1921782617152441,4.06502166575997,0.0051324723914901145,0.0019150061435924946,7.0,False,False,False,False,False,0.0,False,False,False,,8.71689511082343,13.204936966273927,True,False
0.195,expanded,disturbance_pos8n,-1,0.09755211889118179,0.1356197327821674,0.2555855397482978,0.25558553998329836,0.16471760799772928,0.6394603010841509,4.94844108649589,0.3830155615705928,0.14302802144607538,0.6139097321014139,0.007686313117377074,0.0006941827047623982,6.3,False,False,False,False,False,0.0,False,False,False,,8.723708874931786,15.222413205686465,False,False
0.195,expanded,disturbance_neg8n,1,0.09755211889118179,0.1356197327821674,0.2555855397482978,0.25558553998329836,0.16471760799772928,0.6394603010841509,4.94844108649589,0.3830155615705928,0.14302802144607538,0.6139097321014139,0.007686313117377074,0.0006941827047623982,6.3,False,False,False,False,False,0.0,False,False,False,,8.723708874931786,15.222413205686465,False,False
0.195,expanded,target_pos1m,1,0.2633201812280775,0.02937839310812555,0.025410917287437496,0.050270496658636823,0.24699292297441455,0.2718525012245441,3.4386466626993766,0.27780619651724486,0.19754855149039907,4.06502166575997,0.0052002628704715175,0.0019390664116429163,7.0,False,False,False,False,True,0.0,False,False,True,moving_mass_rail_saturation,10.860558768220573,15.222413205686465,False,False
0.195,expanded,target_neg1m,-1,0.2633201812280775,0.02937839310812555,0.025410917287437496,0.050270496658636823,0.24699292297441455,0.2718525012245441,3.4386466626993766,0.27780619651724486,0.19754855149039907,4.06502166575997,0.0052002628704715175,0.0019390664116429163,7.0,False,False,False,False,True,0.0,False,False,True,moving_mass_rail_saturation,10.860558768220573,15.222413205686465,False,False
0.2,expanded,disturbance_pos8n,-1,0.09496802134053015,0.13563159712824902,0.2556910139274645,0.2556910141650054,0.16070361861223093,0.6392169457383848,4.93783141298723,0.3818686427922323,0.14146005965295708,0.6088940162134032,0.007818990002516504,0.0007236367143544711,6.3,False,False,False,False,False,0.0,False,False,False,,8.611038306983088,14.956506160836899,False,False
0.2,expanded,disturbance_neg8n,1,0.09496802134053015,0.13563159712824902,0.2556910139274645,0.2556910141650054,0.16070361861223093,0.6392169457383848,4.93783141298723,0.3818686427922323,0.14146005965295708,0.6088940162134032,0.007818990002516504,0.0007236367143544711,6.3,False,False,False,False,False,0.0,False,False,False,,8.611038306983088,14.956506160836899,False,False
0.2,expanded,target_pos1m,1,0.2574809349882643,0.02931217336424425,0.025519477161886073,0.050095449029086296,0.24138579003955107,0.26596176071320876,3.423113500922589,0.2774362557479666,0.1959999804368701,4.06502166575997,0.005271033647954268,0.001950475568893848,7.0,False,False,False,False,True,0.0,False,False,True,moving_mass_rail_saturation,10.650987007345355,14.956506160836899,False,False
0.2,expanded,target_neg1m,-1,0.2574809349882643,0.02931217336424425,0.025519477161886073,0.050095449029086296,0.24138579003955107,0.26596176071320876,3.423113500922589,0.2774362557479666,0.1959999804368701,4.06502166575997,0.005271033647954268,0.001950475568893848,7.0,False,False,False,False,True,0.0,False,False,True,moving_mass_rail_saturation,10.650987007345355,14.956506160836899,False,False
