stage,psc_ne_pos_p,psc_ne_vel_p,selected,score,rejected,rejection_reason,finite,crash_reason,ground_contact,premature_pause,pause_start_s,pause_end_s,pause_x_m,pause_vx_ms,pause_position_error_m,prior_peak_vx_ms,vx_sign_change_count_before_0p98m,forward_velocity_peak_count,multiple_peaks_separated_by_pause,second_acceleration_lobe_after_full_pause,target_capture_count,target_discontinuity_count,max_target_jump_m,final_abs_position_error_m,tail_rms_position_error_m,tail_path_length_m,tail_rms_vx_ms,overshoot_m,peak_pitch_deg,vane_rms_deg,vane_saturation_percent,time_to_first_reach_0p98m_s,time_to_enter_and_remain_0p10m_s,backward_path_before_0p98m_m,monotonic_forward_progress,final_x_m,final_vx_ms,peak_forward_vx_ms,loit_capture_vx_threshold_ms,loit_capture_desired_vx_threshold_ms,loit_capture_persistent,loit_shaper_clamp_target,loit_capture_without_jump,loit_brk_delay_s,loit_brk_acc_mss,loit_brk_jerk_msss,moving_mass_assist_gain_m_per_Nm
outer_coarse,0.3,0.6,False,1217.1544296921722,True,premature_pause;vx_reversal_before_0p98m,True,,False,True,2.9499999999999593,3.0949999999999562,0.547483424625834,0.02817806842407201,0.452516575374166,0.4520510410727281,4,4,True,True,0,1,1.0,0.039422688426298924,0.06119884290070459,0.28096346996569466,0.15892901128117015,0.10122606516057076,3.6096782565021197,0.3143156105837084,0.0,6.594999999999882,9.290000000000052,0.07258019640809563,False,0.9605773115737011,0.10962050226380085,0.4520510410727281,,,,,,,,,
outer_coarse,0.3,0.9,False,1218.0381175203563,True,premature_pause;vx_reversal_before_0p98m,True,,False,True,2.724999999999964,2.869999999999961,0.5223513792085072,0.0295893727929702,0.47764862079149284,0.4732752172382617,4,5,True,True,0,1,1.0,0.07123629059967795,0.05336611431544967,0.3029805507300567,0.1691138783528015,0.07123629059967795,4.1358919252734045,0.41692286613752927,0.0,6.434999999999885,7.789999999999856,0.08895129589767366,False,1.071236290599678,0.09646566359648867,0.4732752172382617,,,,,,,,,
outer_coarse,0.3,1.2,False,1123.5554279565458,True,vx_reversal_before_0p98m,True,,False,False,nan,nan,nan,nan,nan,0.4854756592657741,6,5,False,False,0,1,1.0,0.017215975496068125,0.06893818971863477,0.3507640362158987,0.19555662071673197,0.06520396180226595,4.763932571835332,0.5498918299930458,0.0,7.764999999999857,9.21000000000004,0.2190164905551126,False,0.9827840245039319,-0.2657580055839121,0.4854756592657741,,,,,,,,,
outer_coarse,0.3,1.5,False,1127.1849109003317,True,vx_reversal_before_0p98m,True,,False,False,nan,nan,nan,nan,nan,0.5048871955831128,6,5,False,False,0,1,1.0,0.10749515065583204,0.08010245706382402,0.36997564481818,0.21217197105399094,0.05574408713888923,5.63182501200573,0.709321526554344,0.0,7.4899999999998625,nan,0.25277626582064766,False,0.892504849344168,0.07412044415988972,0.5048871955831128,,,,,,,,,
outer_coarse,0.3,2.0,False,1136.611617882767,True,vx_reversal_before_0p98m,True,,False,False,nan,nan,nan,nan,nan,0.5279377429292307,6,6,False,False,0,1,1.0,0.08808272385258231,0.08765371048889298,0.5663717206079694,0.31563121742420713,0.08808272385258231,8.842251706991153,1.1623786685182167,0.0,7.049999999999872,9.965000000000158,0.33326092539361296,False,1.0880827238525823,0.0468162571316519,0.5279377429292307,,,,,,,,,
outer_coarse,0.5,0.6,False,17.194379667720366,False,,True,,False,False,nan,nan,nan,nan,nan,0.5565125620632654,0,4,False,False,0,1,1.0,0.06473343458274805,0.08063786023457498,0.2876843826306624,0.16412441616112022,0.20259529644545848,3.95605667857201,0.33322238645499874,0.0,4.294999999999931,9.365000000000064,0.000759657843392979,True,0.935266565417252,0.11575753606480489,0.5565125620632654,,,,,,,,,
outer_coarse,0.5,0.9,False,1117.7384439866057,True,premature_pause,True,,False,True,2.824999999999962,2.969999999999959,0.6709988225468886,0.02998366885631668,0.3290011774531114,0.6000033773243525,0,5,True,True,0,1,1.0,0.07839001220275787,0.0597135317168576,0.33561434224332265,0.18473782834539082,0.1367352912039157,4.578311473995534,0.4502102060462571,0.0,4.129999999999934,8.554999999999938,0.0009776059076954768,True,1.0783900122027579,0.04788532901184285,0.6000033773243525,,,,,,,,,
outer_coarse,0.5,1.2,False,1217.0808923643851,True,premature_pause;vx_reversal_before_0p98m,True,,False,True,2.6099999999999666,2.7549999999999635,0.6644064748720392,0.0287391294328078,0.3355935251279608,0.6484007010715815,2,5,True,True,0,1,1.0,0.0015755713293312823,0.058793061063094954,0.3691956603950728,0.2058870964341321,0.0973628040711485,5.330579924784274,0.5982218150283257,0.0,4.0699999999999354,5.26499999999991,0.006197855313676363,False,0.9984244286706687,-0.29258986840420004,0.6484007010715815,,,,,,,,,
outer_coarse,0.5,1.5,False,1123.9547306885202,True,vx_reversal_before_0p98m,True,,False,False,nan,nan,nan,nan,nan,0.6853872986679654,4,5,False,False,0,1,1.0,0.09366416116024867,0.07108942288404693,0.3930838579498388,0.22500392776854622,0.0956843325391965,6.261413059625699,0.786859251262667,0.0,5.439999999999906,6.844999999999876,0.14920698673961624,False,0.9063358388397513,0.08700861135977234,0.6853872986679654,,,,,,,,,
outer_coarse,0.5,2.0,False,1139.2305397952628,True,vx_reversal_before_0p98m,True,,False,False,nan,nan,nan,nan,nan,0.7489391941270871,4,6,False,False,0,1,1.0,0.1448604044056232,0.10472031622526166,0.6617315013885063,0.37339083867205775,0.14571463989436673,10.779495643307806,1.4284517174636409,0.0,5.134999999999913,nan,0.22845142525101791,False,1.1448604044056232,-0.054345754511630484,0.7489391941270871,,,,,,,,,
outer_coarse,0.7,0.6,False,17.857411919581914,False,,True,,False,False,nan,nan,nan,nan,nan,0.6582077883668805,0,4,False,False,0,1,1.0,0.08926047806907977,0.06733376351668968,0.2811408944907746,0.15924976185559295,0.25190402277915425,4.528932969323737,0.34955547602575243,0.0,3.8349999999999405,10.410000000000228,0.0009318605306250739,True,0.9107395219309202,0.1413108131017286,0.6582077883668805,,,,,,,,,
outer_coarse,0.7,0.9,False,18.46303240576546,False,,True,,False,False,nan,nan,nan,nan,nan,0.7347072468379195,0,5,False,False,0,1,1.0,0.07298174310405692,0.06318791044536179,0.3501619143810324,0.1935595076615499,0.17670135100058415,5.5169137040540495,0.4785213193736599,0.0,3.714999999999943,6.699999999999879,0.0012192613695357775,True,1.072981743104057,0.10505469128999993,0.7347072468379195,,,,,,,,,
outer_coarse,0.7,1.2,False,1118.8662890296464,True,vx_reversal_before_0p98m,True,,False,False,nan,nan,nan,nan,nan,0.8067466682223784,2,5,False,False,0,1,1.0,0.004625749989171535,0.06691187404734432,0.3916235615993413,0.21859946398698205,0.1295133483621158,6.5326420150229065,0.6520041078557991,0.0,3.659999999999944,6.299999999999888,0.009073778223023427,False,1.0046257499891715,-0.30527835023392397,0.8067466682223784,,,,,,,,,
outer_coarse,0.7,1.5,False,1123.6632544201816,True,vx_reversal_before_0p98m,True,,False,False,nan,nan,nan,nan,nan,0.8690289700146687,2,5,False,False,0,1,1.0,0.10271271218180522,0.07763859053698094,0.4327529673265631,0.24673665659469127,0.11847720990678279,7.986979830684893,0.8755560292006324,0.0,3.574999999999946,nan,0.03253764879042454,False,0.8972872878181948,0.040839347994692764,0.8690289700146687,,,,,,,,,
outer_coarse,0.7,2.0,False,1145.762430585667,True,vx_reversal_before_0p98m,True,,False,False,nan,nan,nan,nan,nan,0.9873563996416914,2,6,False,False,0,1,1.0,0.1955247716926245,0.14580940772779802,0.8800006473489212,0.5000915232047551,0.20238218450474688,14.773824519133955,1.9016130347934685,0.0,3.4049999999999496,nan,0.10726297754084284,False,1.1955247716926245,-0.18988337874485664,0.9873563996416914,,,,,,,,,
outer_coarse,0.9,0.6,False,18.933450618187077,False,,True,,False,False,nan,nan,nan,nan,nan,0.7536695746068552,0,4,False,False,0,1,1.0,0.08742787871981494,0.07657425409597962,0.27243687423135743,0.15285259563867243,0.34638971554724085,5.249369284668228,0.3746900691895518,0.0,3.154999999999955,10.440000000000232,0.0010979758576950835,True,0.9125721212801851,0.21802223509492497,0.7536695746068552,,,,,,,,,
outer_coarse,0.9,0.9,False,19.933363360915568,False,,True,,False,False,nan,nan,nan,nan,nan,0.8598270368876915,0,5,False,False,0,1,1.0,0.09158967749014768,0.06195494044407417,0.35222805194170914,0.19513159728939614,0.25115555257549715,6.551159873174854,0.5176278271503464,0.0,3.1199999999999557,7.664999999999859,0.0014839624294350415,True,1.0915896774901477,0.08577953276065374,0.8598270368876915,,,,,,,,,
outer_coarse,0.9,1.2,False,1121.950125378363,True,vx_reversal_before_0p98m,True,,False,False,nan,nan,nan,nan,nan,0.9592842286001856,2,5,False,False,0,1,1.0,0.025845198621789356,0.07241541995755627,0.4127643368604319,0.2303533947452766,0.19735102517921566,7.953444571579225,0.7130521096159602,0.0,3.334999999999951,9.21000000000004,0.023694798731404756,False,1.0258451986217894,-0.3116918656232663,0.9592842286001856,,,,,,,,,
outer_coarse,0.9,1.5,False,1127.7849795710545,True,vx_reversal_before_0p98m,True,,False,False,nan,nan,nan,nan,nan,1.058760389069691,2,5,False,False,0,1,1.0,0.11788887782052004,0.08484144420098219,0.47715964519849474,0.26936131742559294,0.16528990093257612,10.201007778956026,0.9851301673952189,0.0,3.39499999999995,nan,0.08099705918196769,False,0.88211112217948,-0.017600435791952782,1.058760389069691,,,,,,,,,
outer_coarse,0.9,2.0,False,1267.3647844458717,True,vx_reversal_before_0p98m;excessive_pitch,True,,False,False,nan,nan,nan,nan,nan,1.2349121794022813,2,6,False,False,0,1,1.0,0.2864633309753244,0.21238454758837305,1.2812957255991317,0.7264779664003311,0.2917204291234847,20.606163714137296,2.586610718325458,0.0,3.284999999999952,nan,0.22231523922673768,False,1.2864633309753244,-0.19563494301288717,1.2349121794022813,,,,,,,,,
outer_coarse,1.2,0.6,False,19.6584130410211,False,,True,,False,False,nan,nan,nan,nan,nan,0.8950571207444851,0,4,False,False,0,1,1.0,0.05817862737172241,0.052990541209365756,0.304593597999429,0.17726541467588725,0.4032593819234589,6.319841149817617,0.3992150683679398,0.0,2.4849999999999692,8.559999999999938,0.00135391525317085,True,0.9418213726282776,0.15690151477283493,0.8950571207444851,,,,,,,,,
outer_coarse,1.2,0.9,False,21.058265241593844,False,,True,,False,False,nan,nan,nan,nan,nan,1.0499693041651437,0,5,False,False,0,1,1.0,0.08554816220160144,0.06631690649389861,0.37137565573739795,0.2069452595060545,0.27176361036828167,8.118361170521307,0.5757100922109288,0.0,2.2349999999999746,7.764999999999857,0.0019391123109269175,True,1.0855481622016014,0.15852698124107464,1.0499693041651437,,,,,,,,,
outer_coarse,1.2,1.2,False,23.953348172053246,False,,True,,False,False,nan,nan,nan,nan,nan,1.201750075487647,0,5,False,False,0,1,1.0,0.056990257093616936,0.08200840839834102,0.45832087390960363,0.25613385397333527,0.19412424190071853,10.814064112943893,0.8278956730524687,0.0,2.0549999999999784,10.335000000000216,0.0025684397033913127,True,1.056990257093617,-0.31506845739673817,1.201750075487647,,,,,,,,,
outer_coarse,1.2,1.5,False,29.72923391973132,False,,True,,False,False,nan,nan,nan,nan,nan,1.3567207397392298,0,5,False,False,0,1,1.0,0.13073917036751226,0.0980885981056141,0.5657967538503758,0.3157485314247387,0.19067969526505602,14.635765814332519,1.2134665457336082,0.0,1.924999999999981,nan,0.003181131400082277,True,0.8692608296324877,-0.12267450069728883,1.3567207397392298,,,,,,,,,
outer_coarse,1.2,2.0,False,1171.669488326069,True,excessive_pitch,True,,False,False,nan,nan,nan,nan,nan,1.5210859522219988,0,6,False,False,0,1,1.0,0.16442010829840825,0.22010823976460148,1.6124820160543152,0.8894599115006322,0.33014179351879114,21.795639483843292,2.808177609169451,0.0,1.8399999999999828,nan,0.0034606364772812046,True,1.1644201082984083,1.03059961573935,1.5210859522219988,,,,,,,,,
outer_refinement,0.45,0.55,False,1117.5549634586966,True,premature_pause,True,,False,True,3.0849999999999564,3.2299999999999534,0.6470126913012254,0.029527493562086504,0.3529873086987746,0.5172302354863777,0,4,True,True,0,1,1.0,0.0422534284263838,0.09825619760325813,0.30705439401469414,0.17152810121005013,0.1663524254241895,3.7223526095198474,0.31027555974654975,0.0,4.539999999999925,9.675000000000113,0.0006673062189486726,True,0.9577465715736162,0.022861817120169686,0.5172302354863777,,,,,,,,,
outer_refinement,0.45,0.6,False,1117.107020363172,True,premature_pause,True,,False,True,3.0399999999999574,3.1849999999999543,0.652588560248291,0.029564602282764814,0.34741143975170896,0.5283545942483671,0,4,True,True,0,1,1.0,0.048573396452017525,0.0872461913614941,0.29884191986390507,0.16871819337766475,0.1660198828166053,3.8223093316882677,0.32380370104835915,0.0,4.504999999999926,9.555000000000094,0.0007108969423734085,True,0.9514266035479825,0.06851574895648328,0.5283545942483671,,,,,,,,,
outer_refinement,0.45,0.65,False,1115.9132030752671,True,premature_pause,True,,False,True,3.009999999999958,3.154999999999955,0.6603593842995047,0.02906328482022719,0.3396406157004953,0.5398656353357831,0,4,True,True,0,1,1.0,0.017480411534090523,0.08147024219367542,0.28302145593226835,0.1602777800558878,0.15539217179432874,3.9318420411090074,0.3469318247426752,0.0,4.449999999999927,9.370000000000065,0.000750493224088565,True,0.9825195884659095,0.17139478537765168,0.5398656353357831,,,,,,,,,
outer_refinement,0.45,0.7,False,1115.6451507966972,True,premature_pause,True,,False,True,2.969999999999959,3.114999999999956,0.6501040067645145,0.02931993099805316,0.3498959932354855,0.5434673326621057,0,4,True,True,0,1,1.0,0.011746563923878184,0.072865499598164,0.2883910229046255,0.16296375200189214,0.13978288708538766,4.032912040803509,0.36202633198923756,0.0,4.409999999999928,9.175000000000034,0.0007676444533664521,True,0.9882534360761218,0.21359328221280288,0.5434673326621057,,,,,,,,,
outer_refinement,0.45,0.75,False,1116.3720543405498,True,premature_pause,True,,False,True,2.91999999999996,3.064999999999957,0.6398882681979535,0.029636615343377668,0.3601117318020465,0.547159789599035,0,5,True,True,0,1,1.0,0.047519833642236,0.07170329098377705,0.29783554281584323,0.16795153017388015,0.14006326515444711,4.1398800228934185,0.38362808298109535,0.0,4.369999999999929,9.045000000000014,0.0008138070383645768,True,1.047519833642236,0.21274738775590257,0.547159789599035,,,,,,,,,
outer_refinement,0.45,0.8,False,1116.7137941700012,True,premature_pause,True,,False,True,2.8849999999999607,3.0299999999999576,0.6454671327377479,0.02887406501854367,0.3545328672622521,0.5580157404791055,0,5,True,True,0,1,1.0,0.055634565375574985,0.06873594525317829,0.307593437091634,0.17321105255288574,0.13691462974232627,4.253708123594419,0.3976440539274508,0.0,4.33499999999993,8.980000000000004,0.0008479350266382882,True,1.055634565375575,0.2078723689605021,0.5580157404791055,,,,,,,,,
outer_refinement,0.5,0.55,False,17.344809265467802,False,,True,,False,False,nan,nan,nan,nan,nan,0.5471732748498278,0,4,False,False,0,1,1.0,0.03698406745814731,0.09745671785400986,0.2856400083719023,0.16267847519289402,0.2187479642424226,3.840524299875348,0.32068025006070666,0.0,4.30499999999993,9.555000000000094,0.0007203531658068398,True,0.9630159325418527,0.08921277540255054,0.5471732748498278,,,,,,,,,
outer_refinement,0.5,0.6,False,17.194379667720366,False,,True,,False,False,nan,nan,nan,nan,nan,0.5565125620632654,0,4,False,False,0,1,1.0,0.06473343458274805,0.08063786023457498,0.2876843826306624,0.16412441616112022,0.20259529644545848,3.95605667857201,0.33322238645499874,0.0,4.294999999999931,9.365000000000064,0.000759657843392979,True,0.935266565417252,0.11575753606480489,0.5565125620632654,,,,,,,,,
outer_refinement,0.5,0.65,False,15.97343329490923,False,,True,,False,False,nan,nan,nan,nan,nan,0.5603701737667546,0,4,False,False,0,1,1.0,0.037060107956139676,0.06867270199622803,0.28019236842808737,0.15848205806592056,0.1740779055144006,4.072182494138607,0.3524141349197797,0.0,4.249999999999932,9.075000000000019,0.0007758461181490046,True,0.9629398920438603,0.19352656046063937,0.5603701737667546,,,,,,,,,
outer_refinement,0.5,0.7,False,16.026200713932948,False,,True,,False,False,nan,nan,nan,nan,nan,0.5658887472222628,0,4,False,False,0,1,1.0,0.003158766675754543,0.07578872337499043,0.2903029665287885,0.16426513601071763,0.16848038256305498,4.162078418704709,0.37081592269698993,0.0,4.214999999999932,9.170000000000034,0.0008370716093823239,True,0.9968412333242455,0.2151798328484617,0.5658887472222628,,,,,,,,,
outer_refinement,0.5,0.75,False,16.265629393916633,False,,True,,False,False,nan,nan,nan,nan,nan,0.5814791839791542,0,5,False,False,0,1,1.0,0.018063460903861017,0.06850494234564784,0.2999532068294526,0.16949037164921385,0.1596448240804611,4.290846494364512,0.387389854280105,0.0,4.169999999999933,8.970000000000002,0.0008696214851105846,True,1.018063460903861,0.22751983046427812,0.5814791839791542,,,,,,,,,
outer_refinement,0.5,0.8,False,17.030848454756434,False,,True,,False,False,nan,nan,nan,nan,nan,0.5833806901396865,0,5,False,False,0,1,1.0,0.05131289035346498,0.06813426011582972,0.3132197092990041,0.17641905233166028,0.15175726906613152,4.3724804712713885,0.4049391959238922,0.0,4.1599999999999335,8.939999999999998,0.0009061966325147287,True,1.051312890353465,0.20289232563240872,0.5833806901396865,,,,,,,,,
outer_refinement,0.55,0.55,False,18.330834734656964,False,,True,,False,False,nan,nan,nan,nan,nan,0.5673224533436021,0,4,False,False,0,1,1.0,0.08479591772788742,0.08146633844014216,0.30397825062491424,0.17031059679541657,0.22599399301179446,3.95289774743462,0.31627741447973845,0.0,4.179999999999933,9.510000000000087,0.0007616464594423036,True,0.9152040822721126,0.012684088245107883,0.5673224533436021,,,,,,,,,
outer_refinement,0.55,0.6,False,16.824978632287273,False,,True,,False,False,nan,nan,nan,nan,nan,0.5748374301510002,0,4,False,False,0,1,1.0,0.048196658427960504,0.08006705054701747,0.28401507519882174,0.1616414237796126,0.19963495186771363,4.0027369376303215,0.3381548168319772,0.0,4.204999999999933,9.360000000000063,0.0007776926467916337,True,0.9518033415720395,0.13841404234046356,0.5748374301510002,,,,,,,,,
outer_refinement,0.55,0.65,False,16.791969246799884,False,,True,,False,False,nan,nan,nan,nan,nan,0.590653052664373,0,4,False,False,0,1,1.0,0.058910999585244817,0.07453934647141679,0.28814799019274484,0.16397759181592386,0.18764844828318683,4.157253938902758,0.35650139009090953,0.0,4.099999999999935,9.010000000000009,0.0008434612236795698,True,0.9410890004147552,0.18749404431929287,0.590653052664373,,,,,,,,,
outer_refinement,0.55,0.7,True,15.963428384295682,False,,True,,False,False,nan,nan,nan,nan,nan,0.5947006229315119,0,4,False,False,0,1,1.0,0.00037392327477525633,0.07028616597857797,0.2930841405731792,0.16588723040434156,0.16894065938431346,4.243229424624679,0.3781826795194865,0.0,4.139999999999934,9.010000000000009,0.0008844967703512015,True,0.9996260767252247,0.2278472089037904,0.5947006229315119,,,,,,,,,
outer_refinement,0.55,0.75,False,16.59591874180532,False,,True,,False,False,nan,nan,nan,nan,nan,0.6150318469146819,0,5,False,False,0,1,1.0,0.016920623267376422,0.06938915291439882,0.3024004214585687,0.1710173524411564,0.17896973336382183,4.369670186974751,0.3940323329604949,0.0,4.089999999999935,8.965000000000002,0.0009236113625721706,True,1.0169206232673764,0.22341015480487061,0.6150318469146819,,,,,,,,,
outer_refinement,0.55,0.8,False,17.27181309180419,False,,True,,False,False,nan,nan,nan,nan,nan,0.618293730520516,0,5,False,False,0,1,1.0,0.041496659333585706,0.06825724507841299,0.3217906599006941,0.1813005782482303,0.15641659921805506,4.495900618733255,0.41259053723472344,0.0,4.074999999999935,8.869999999999987,0.0009647435909746183,True,1.0414966593335857,0.201395370128333,0.618293730520516,,,,,,,,,
outer_refinement,0.6,0.55,False,18.44684356827438,False,,True,,False,False,nan,nan,nan,nan,nan,0.5843955716562831,0,4,False,False,0,1,1.0,0.09566848509581016,0.08165130321208147,0.2944373496068037,0.16786930322177152,0.25303973627840226,4.047844277816432,0.3224469581137008,0.0,4.089999999999935,9.415000000000072,0.0007776435065956749,True,0.9043315149041898,0.04020682513751296,0.5843955716562831,,,,,,,,,
outer_refinement,0.6,0.6,False,17.1208989112439,False,,True,,False,False,nan,nan,nan,nan,nan,0.6038969936359847,0,4,False,False,0,1,1.0,0.07599795540104137,0.06876896804774624,0.28385037673344493,0.16062935256392333,0.2172392600688564,4.169887467603299,0.33751009345794897,0.0,4.039999999999936,9.180000000000035,0.0008473542826990793,True,0.9240020445989586,0.0988750694393141,0.6038969936359847,,,,,,,,,
outer_refinement,0.6,0.65,False,16.53893281578527,False,,True,,False,False,nan,nan,nan,nan,nan,0.6122107783479555,0,4,False,False,0,1,1.0,0.05984589899113413,0.07336958614022557,0.28808731597771886,0.16372633527334626,0.194228213964609,4.313362993377427,0.36138732261986706,0.0,4.004999999999937,7.334999999999866,0.0008934628683056616,True,0.9401541010088659,0.19607227442788114,0.6122107783479555,,,,,,,,,
outer_refinement,0.6,0.7,False,16.49412168743313,False,,True,,False,False,nan,nan,nan,nan,nan,0.6217198480090256,0,5,False,False,0,1,1.0,0.008558884808112843,0.07015555415568014,0.29745743383116885,0.16851819401963164,0.19083863879650576,4.456265001626156,0.38490918133312785,0.0,3.9699999999999376,8.990000000000006,0.0009402423185751396,True,1.0085588848081128,0.2352339563050987,0.6217198480090256,,,,,,,,,
outer_refinement,0.6,0.75,False,16.847110136892518,False,,True,,False,False,nan,nan,nan,nan,nan,0.6376415105969471,0,5,False,False,0,1,1.0,0.01988407210473042,0.06764095599446679,0.3068327240286026,0.1735089726284036,0.1866600989126299,4.58547244710095,0.40116149876618123,0.0,3.949999999999938,8.864999999999986,0.0009673973044342531,True,1.0198840721047304,0.2254964203867333,0.6376415105969471,,,,,,,,,
outer_refinement,0.6,0.8,False,16.947137375271275,False,,True,,False,False,nan,nan,nan,nan,nan,0.6442135682150023,0,5,False,False,0,1,1.0,0.05566978094569386,0.06242691222590051,0.3209081691136504,0.1802721590651952,0.15711335364540835,4.731626556368541,0.4207015762223322,0.0,3.954999999999938,6.964999999999874,0.001014162599885179,True,1.0556697809456939,0.1932287498816954,0.6442135682150023,,,,,,,,,
outer_refinement,0.65,0.55,False,17.570774347266042,False,,True,,False,False,nan,nan,nan,nan,nan,0.6082313910804594,0,4,False,False,0,1,1.0,0.08315042659431249,0.07587000297057403,0.2819715708974354,0.1612248064189674,0.24009515029128825,4.188651001708706,0.3315481285961616,0.0,3.959999999999938,9.240000000000045,0.0008431786167462385,True,0.9168495734056875,0.10604317486156146,0.6082313910804594,,,,,,,,,
outer_refinement,0.65,0.6,False,17.503713597973935,False,,True,,False,False,nan,nan,nan,nan,nan,0.6222005008229016,0,4,False,False,0,1,1.0,0.08972336600508202,0.07274467207426193,0.28243840440080903,0.16082848753362036,0.21045591522117957,4.345906664971576,0.34838763693156216,0.0,3.949999999999938,10.43000000000023,0.0008932818590257659,True,0.910276633994918,0.15564527677123471,0.6222005008229016,,,,,,,,,
outer_refinement,0.65,0.65,False,16.959220063929063,False,,True,,False,False,nan,nan,nan,nan,nan,0.6373011230684111,0,4,False,False,0,1,1.0,0.04945338556960599,0.07347474815486356,0.2894195177206833,0.16436265754483667,0.206262387890094,4.506695972497091,0.36759043852860673,0.0,3.894999999999939,8.990000000000006,0.0009359828100207281,True,0.950546614430394,0.20405899779469505,0.6373011230684111,,,,,,,,,
outer_refinement,0.65,0.7,False,16.814566299580353,False,,True,,False,False,nan,nan,nan,nan,nan,0.6534519059879637,0,4,False,False,0,1,1.0,0.054543434529137014,0.07056002279351128,0.2943990302031724,0.16648031439786273,0.20662420642635793,4.6588109330256975,0.37927214261738007,0.0,3.899999999999939,7.274999999999867,0.0009778705375305013,True,0.945456565470863,0.21480594704415176,0.6534519059879637,,,,,,,,,
outer_refinement,0.65,0.75,False,16.768550544645628,False,,True,,False,False,nan,nan,nan,nan,nan,0.6619374975317601,0,5,False,False,0,1,1.0,0.0315960709765053,0.06403706201465968,0.3122394463937863,0.17609414262633122,0.18678002866944476,4.81603085133069,0.4105444847416488,0.0,3.8399999999999403,7.049999999999872,0.0010296873431934665,True,1.0315960709765053,0.2132785804463071,0.6619374975317601,,,,,,,,,
outer_refinement,0.65,0.8,False,16.945677782530627,False,,True,,False,False,nan,nan,nan,nan,nan,0.6752557363340455,0,5,False,False,0,1,1.0,0.03870818482432137,0.0634087885312188,0.32188586688315435,0.18101531066684698,0.16801836709273932,4.964348814002917,0.42763296140121027,0.0,3.85499999999994,6.924999999999875,0.0010745949378268308,True,1.0387081848243214,0.20457643293714664,0.6752557363340455,,,,,,,,,
braking_coarse,0.55,0.7,False,11.739966689746728,False,,True,,False,False,nan,nan,nan,nan,nan,1.070026508918855,0,4,False,False,1,0,0.007800000000000029,0.0872996163472477,0.1654800094279576,0.3787939022175,0.21715052091972942,0.494588080896454,5.851802247813437,0.3205060711795297,0.0,3.3199999999999514,8.869999999999987,0.0001595101721278291,True,1.877999616347248,0.10099481798768548,1.070026508918855,0.08,0.02,True,True,True,0.0,0.4,1.0,
braking_coarse,0.55,0.7,False,11.606440495068043,False,,True,,False,False,nan,nan,nan,nan,nan,1.0390829140892377,0,4,False,False,1,0,0.007800000000000029,0.07556880839051483,0.14516012684992466,0.39852236746920444,0.22582104962454722,0.4727921121235834,5.851802247813437,0.3250231944391102,0.0,3.329999999999951,8.754999999999969,0.0001595101721278291,True,1.7902488083905157,0.10025358580880199,1.0390829140892377,0.08,0.02,True,True,True,0.0,0.4,2.0,
braking_coarse,0.55,0.7,False,11.037031947700388,False,,True,,False,False,nan,nan,nan,nan,nan,1.0326488603025554,0,4,False,False,1,0,0.007800000000000029,0.08093335746668928,0.14214448369019894,0.3768229681337023,0.2138728660836628,0.45883347353317316,5.8512291765715965,0.32701660807199984,0.0,3.329999999999951,8.75999999999997,0.0001595101721278291,True,1.7700473574666904,0.08874559544818378,1.0326488603025554,0.08,0.02,True,True,True,0.0,0.4,3.0,
braking_coarse,0.55,0.7,False,1111.2798469432119,True,capture_count_not_one,True,,False,False,nan,nan,nan,nan,nan,1.0705299287567478,0,3,False,False,2,0,0.007800000000000029,0.030812182011465072,0.13241156553671418,0.3292040460321486,0.1966349487073421,0.5037063110440205,5.851802247813437,0.31102469676553646,0.0,3.3199999999999514,8.909999999999993,0.0001595101721278291,True,1.4373878179885378,0.17448171233884413,1.0705299287567478,0.08,0.02,True,True,True,0.0,0.6,1.0,
braking_coarse,0.55,0.7,False,1110.7671407197156,True,capture_count_not_one,True,,False,False,nan,nan,nan,nan,nan,1.0383612480079927,0,4,False,False,2,0,0.007800000000000029,0.05919469377736952,0.11062600234185314,0.35147983878565037,0.19867215222941445,0.38447405731481066,5.851802247813437,0.34292765062320235,0.0,3.329999999999951,8.664999999999955,0.0001595101721278291,True,1.5233446937773691,0.13980671751518503,1.0383612480079927,0.08,0.02,True,True,True,0.0,0.6,2.0,
braking_coarse,0.55,0.7,False,1110.0956279250863,True,capture_count_not_one,True,,False,False,nan,nan,nan,nan,nan,1.0144149881578997,0,4,False,False,2,0,0.007800000000000029,0.060830537774695825,0.09814675084084448,0.3611240994436806,0.20101911979863163,0.3675802930655716,5.849122986604988,0.3485821706209481,0.0,3.339999999999951,8.559999999999938,0.0001595101721278291,True,1.506630537774697,0.10368404772308727,1.0144149881578997,0.08,0.02,True,True,True,0.0,0.6,3.0,
braking_coarse,0.55,0.7,False,11.465752275220172,False,,True,,False,False,nan,nan,nan,nan,nan,1.0706223986043857,0,4,False,False,1,0,0.007800000000000029,0.05244761893555516,0.11985596611197273,0.37781414380053846,0.21269845477031143,0.43089478331176867,6.056979835897905,0.3469655306413546,0.0,3.3199999999999514,8.684999999999958,0.0001595101721278291,True,1.6002476189355554,0.14716713115148122,1.0706223986043857,0.08,0.02,True,True,True,0.0,0.8,1.0,
braking_coarse,0.55,0.7,False,9.537693464041052,False,,True,,False,False,nan,nan,nan,nan,nan,1.0387071530523224,0,4,False,False,1,0,0.007800000000000029,0.08311809229575773,0.10680117224562177,0.36985995000621097,0.20808041961683826,0.4297877078932604,6.242543363847341,0.366550404049798,0.0,3.329999999999951,8.559999999999938,0.0001595101721278291,True,1.4909180922957586,0.04441775485987486,1.0387071530523224,0.08,0.02,True,True,True,0.0,0.8,2.0,
braking_coarse,0.55,0.7,False,8.711792581089153,False,,True,,False,False,nan,nan,nan,nan,nan,1.0044815720126785,0,4,False,False,1,0,0.007800000000000029,0.09081047014438481,0.1007215269849614,0.35434144254383093,0.20355274825886266,0.4096119044550346,6.123677553243301,0.37469115676635556,0.0,3.344999999999951,8.499999999999929,0.0001595101721278291,True,1.449610470144386,-0.010828008890865808,1.0044815720126785,0.08,0.02,True,True,True,0.0,0.8,3.0,
braking_coarse,0.55,0.7,False,1110.2753202575502,True,capture_count_not_one,True,,False,False,nan,nan,nan,nan,nan,1.0706223986043857,0,3,False,True,2,0,0.007800000000000029,0.08524963645642658,0.10761560990137459,0.3134994984357391,0.18646169545173888,0.4706451483109173,6.699210862271404,0.3138625256467846,0.0,3.3199999999999514,9.890000000000146,0.0001595101721278291,True,1.0962203635435739,0.1578264080432008,1.0706223986043857,0.08,0.02,True,True,True,0.0,1.0,1.0,
braking_coarse,0.55,0.7,False,1109.259924592343,True,capture_count_not_one,True,,False,False,nan,nan,nan,nan,nan,1.038721867044724,0,4,False,True,2,0,0.007800000000000029,0.07118411960852566,0.08299859293560187,0.36311543813444214,0.20043173077619944,0.3799936299096953,6.986118743240694,0.38122708297872626,0.0,3.329999999999951,8.434999999999919,0.0001595101721278291,True,1.3481041196085262,0.06723206963497266,1.038721867044724,0.08,0.02,True,True,True,0.0,1.0,2.0,
braking_coarse,0.55,0.7,False,1108.7945592413237,True,capture_count_not_one,True,,False,False,nan,nan,nan,nan,nan,1.0048116021860811,0,4,False,False,2,0,0.007800000000000029,0.07840345308726704,0.08253438537038857,0.3563129936090881,0.20700688492854474,0.4122071717211475,6.653751370902633,0.3927566531739343,0.0,3.344999999999951,8.37999999999991,0.0001595101721278291,True,1.3446564530872684,-0.03697818323597196,1.0048116021860811,0.08,0.02,True,True,True,0.0,1.0,3.0,
braking_coarse,0.55,0.7,False,11.739966689746728,False,,True,,False,False,nan,nan,nan,nan,nan,1.070026508918855,0,4,False,False,1,0,0.007800000000000029,0.0872996163472477,0.1654800094279576,0.3787939022175,0.21715052091972942,0.494588080896454,5.851802247813437,0.3205060711795297,0.0,3.3199999999999514,8.869999999999987,0.0001595101721278291,True,1.877999616347248,0.10099481798768548,1.070026508918855,0.08,0.02,True,True,True,0.2,0.4,1.0,
braking_coarse,0.55,0.7,False,11.606440495068043,False,,True,,False,False,nan,nan,nan,nan,nan,1.0390829140892377,0,4,False,False,1,0,0.007800000000000029,0.07556880839051483,0.14516012684992466,0.39852236746920444,0.22582104962454722,0.4727921121235834,5.851802247813437,0.3250231944391102,0.0,3.329999999999951,8.754999999999969,0.0001595101721278291,True,1.7902488083905157,0.10025358580880199,1.0390829140892377,0.08,0.02,True,True,True,0.2,0.4,2.0,
braking_coarse,0.55,0.7,False,11.16293071246479,False,,True,,False,False,nan,nan,nan,nan,nan,1.0298695509496996,0,4,False,False,1,0,0.007800000000000029,0.08901099195201767,0.1497848210729029,0.3746491436362518,0.21305688033078948,0.46101277262186535,5.849454285582529,0.3269626883167789,0.0,3.329999999999951,8.794999999999975,0.0001595101721278291,True,1.7676409919520182,0.08894493675575463,1.0298695509496996,0.08,0.02,True,True,True,0.2,0.4,3.0,
braking_coarse,0.55,0.7,False,1111.2798469432119,True,capture_count_not_one,True,,False,False,nan,nan,nan,nan,nan,1.0705299287567478,0,3,False,False,2,0,0.007800000000000029,0.030812182011465072,0.13241156553671418,0.3292040460321486,0.1966349487073421,0.5037063110440205,5.851802247813437,0.31102469676553646,0.0,3.3199999999999514,8.909999999999993,0.0001595101721278291,True,1.4373878179885378,0.17448171233884413,1.0705299287567478,0.08,0.02,True,True,True,0.2,0.6,1.0,
braking_coarse,0.55,0.7,False,1110.7671407197156,True,capture_count_not_one,True,,False,False,nan,nan,nan,nan,nan,1.0383612480079927,0,4,False,False,2,0,0.007800000000000029,0.05919469377736952,0.11062600234185314,0.35147983878565037,0.19867215222941445,0.38447405731481066,5.851802247813437,0.34292765062320235,0.0,3.329999999999951,8.664999999999955,0.0001595101721278291,True,1.5233446937773691,0.13980671751518503,1.0383612480079927,0.08,0.02,True,True,True,0.2,0.6,2.0,
braking_coarse,0.55,0.7,False,1110.0956279250863,True,capture_count_not_one,True,,False,False,nan,nan,nan,nan,nan,1.0144149881578997,0,4,False,False,2,0,0.007800000000000029,0.060830537774695825,0.09814675084084448,0.3611240994436806,0.20101911979863163,0.3675802930655716,5.849122986604988,0.3485821706209481,0.0,3.339999999999951,8.559999999999938,0.0001595101721278291,True,1.506630537774697,0.10368404772308727,1.0144149881578997,0.08,0.02,True,True,True,0.2,0.6,3.0,
braking_coarse,0.55,0.7,False,11.465752275220172,False,,True,,False,False,nan,nan,nan,nan,nan,1.0706223986043857,0,4,False,False,1,0,0.007800000000000029,0.05244761893555516,0.11985596611197273,0.37781414380053846,0.21269845477031143,0.43089478331176867,6.056979835897905,0.3469655306413546,0.0,3.3199999999999514,8.684999999999958,0.0001595101721278291,True,1.6002476189355554,0.14716713115148122,1.0706223986043857,0.08,0.02,True,True,True,0.2,0.8,1.0,
braking_coarse,0.55,0.7,False,9.537693464041052,False,,True,,False,False,nan,nan,nan,nan,nan,1.0387071530523224,0,4,False,False,1,0,0.007800000000000029,0.08311809229575773,0.10680117224562177,0.36985995000621097,0.20808041961683826,0.4297877078932604,6.242543363847341,0.366550404049798,0.0,3.329999999999951,8.559999999999938,0.0001595101721278291,True,1.4909180922957586,0.04441775485987486,1.0387071530523224,0.08,0.02,True,True,True,0.2,0.8,2.0,
braking_coarse,0.55,0.7,False,8.711792581089153,False,,True,,False,False,nan,nan,nan,nan,nan,1.0044815720126785,0,4,False,False,1,0,0.007800000000000029,0.09081047014438481,0.1007215269849614,0.35434144254383093,0.20355274825886266,0.4096119044550346,6.123677553243301,0.37469115676635556,0.0,3.344999999999951,8.499999999999929,0.0001595101721278291,True,1.449610470144386,-0.010828008890865808,1.0044815720126785,0.08,0.02,True,True,True,0.2,0.8,3.0,
braking_coarse,0.55,0.7,False,1110.2753202575502,True,capture_count_not_one,True,,False,False,nan,nan,nan,nan,nan,1.0706223986043857,0,3,False,True,2,0,0.007800000000000029,0.08524963645642658,0.10761560990137459,0.3134994984357391,0.18646169545173888,0.4706451483109173,6.699210862271404,0.3138625256467846,0.0,3.3199999999999514,9.890000000000146,0.0001595101721278291,True,1.0962203635435739,0.1578264080432008,1.0706223986043857,0.08,0.02,True,True,True,0.2,1.0,1.0,
braking_coarse,0.55,0.7,False,1109.259924592343,True,capture_count_not_one,True,,False,False,nan,nan,nan,nan,nan,1.038721867044724,0,4,False,True,2,0,0.007800000000000029,0.07118411960852566,0.08299859293560187,0.36311543813444214,0.20043173077619944,0.3799936299096953,6.986118743240694,0.38122708297872626,0.0,3.329999999999951,8.434999999999919,0.0001595101721278291,True,1.3481041196085262,0.06723206963497266,1.038721867044724,0.08,0.02,True,True,True,0.2,1.0,2.0,
braking_coarse,0.55,0.7,False,1108.7945592413237,True,capture_count_not_one,True,,False,False,nan,nan,nan,nan,nan,1.0048116021860811,0,4,False,False,2,0,0.007800000000000029,0.07840345308726704,0.08253438537038857,0.3563129936090881,0.20700688492854474,0.4122071717211475,6.653751370902633,0.3927566531739343,0.0,3.344999999999951,8.37999999999991,0.0001595101721278291,True,1.3446564530872684,-0.03697818323597196,1.0048116021860811,0.08,0.02,True,True,True,0.2,1.0,3.0,
braking_coarse,0.55,0.7,False,11.739966689746728,False,,True,,False,False,nan,nan,nan,nan,nan,1.070026508918855,0,4,False,False,1,0,0.007800000000000029,0.0872996163472477,0.1654800094279576,0.3787939022175,0.21715052091972942,0.494588080896454,5.851802247813437,0.3205060711795297,0.0,3.3199999999999514,8.869999999999987,0.0001595101721278291,True,1.877999616347248,0.10099481798768548,1.070026508918855,0.08,0.02,True,True,True,0.4,0.4,1.0,
braking_coarse,0.55,0.7,False,10.70570561082022,False,,True,,False,False,nan,nan,nan,nan,nan,1.0376395677081676,0,4,False,False,1,0,0.007800000000000029,0.08870183706157797,0.13983726129533552,0.373651289227829,0.21188751592720692,0.46398027692332233,5.851802247813437,0.3317706018873129,0.0,3.329999999999951,8.739999999999966,0.0001595101721278291,True,1.7398218370615786,0.07317148889087659,1.0376395677081676,0.08,0.02,True,True,True,0.4,0.4,2.0,
braking_coarse,0.55,0.7,False,9.779566852005463,False,,True,,False,False,nan,nan,nan,nan,nan,1.0030805230796045,0,4,False,False,1,0,0.007800000000000029,0.0890490702367217,0.12037452378088606,0.37063387787425106,0.21003261490439523,0.4404549278023244,5.849120727429112,0.3413254248729786,0.0,3.344999999999951,8.624999999999948,0.0001595101721278291,True,1.6513490702367228,0.04062742990675174,1.0030805230796045,0.08,0.02,True,True,True,0.4,0.4,3.0,
braking_coarse,0.55,0.7,False,1111.2798469432119,True,capture_count_not_one,True,,False,False,nan,nan,nan,nan,nan,1.0705299287567478,0,3,False,False,2,0,0.007800000000000029,0.030812182011465072,0.13241156553671418,0.3292040460321486,0.1966349487073421,0.5037063110440205,5.851802247813437,0.31102469676553646,0.0,3.3199999999999514,8.909999999999993,0.0001595101721278291,True,1.4373878179885378,0.17448171233884413,1.0705299287567478,0.08,0.02,True,True,True,0.4,0.6,1.0,
braking_coarse,0.55,0.7,False,10.435272072593593,False,,True,,False,False,nan,nan,nan,nan,nan,1.0383681336480788,0,4,False,False,1,0,0.007800000000000029,0.080148585903137,0.11490830607836185,0.3688441794007,0.2060044060205405,0.42361039083274155,5.851802247813437,0.3497566735449773,0.0,3.329999999999951,8.63499999999995,0.0001595101721278291,True,1.569060585903138,0.09550800645426324,1.0383681336480788,0.08,0.02,True,True,True,0.4,0.6,2.0,
braking_coarse,0.55,0.7,False,9.501538426237568,False,,True,,False,False,nan,nan,nan,nan,nan,1.0038244624836028,0,4,False,False,1,0,0.007800000000000029,0.08513216911645949,0.10687386094176736,0.35993020744737003,0.20158547445174888,0.38978694635020217,5.849120727429112,0.35657571956881684,0.0,3.344999999999951,8.57499999999994,0.0001595101721278291,True,1.5117611691164605,0.05286029256073538,1.0038244624836028,0.08,0.02,True,True,True,0.4,0.6,3.0,
braking_coarse,0.55,0.7,False,11.465752275220172,False,,True,,False,False,nan,nan,nan,nan,nan,1.0706223986043857,0,4,False,False,1,0,0.007800000000000029,0.05244761893555516,0.11985596611197273,0.37781414380053846,0.21269845477031143,0.43089478331176867,6.056979835897905,0.3469655306413546,0.0,3.3199999999999514,8.684999999999958,0.0001595101721278291,True,1.6002476189355554,0.14716713115148122,1.0706223986043857,0.08,0.02,True,True,True,0.4,0.8,1.0,
braking_coarse,0.55,0.7,False,9.537693464041052,False,,True,,False,False,nan,nan,nan,nan,nan,1.0387071530523224,0,4,False,False,1,0,0.007800000000000029,0.08311809229575773,0.10680117224562177,0.36985995000621097,0.20808041961683826,0.4297877078932604,6.242543363847341,0.366550404049798,0.0,3.329999999999951,8.559999999999938,0.0001595101721278291,True,1.4909180922957586,0.04441775485987486,1.0387071530523224,0.08,0.02,True,True,True,0.4,0.8,2.0,
braking_coarse,0.55,0.7,False,8.711792581089153,False,,True,,False,False,nan,nan,nan,nan,nan,1.0044815720126785,0,4,False,False,1,0,0.007800000000000029,0.09081047014438481,0.1007215269849614,0.35434144254383093,0.20355274825886266,0.4096119044550346,6.123677553243301,0.37469115676635556,0.0,3.344999999999951,8.499999999999929,0.0001595101721278291,True,1.449610470144386,-0.010828008890865808,1.0044815720126785,0.08,0.02,True,True,True,0.4,0.8,3.0,
braking_coarse,0.55,0.7,False,1110.2753202575502,True,capture_count_not_one,True,,False,False,nan,nan,nan,nan,nan,1.0706223986043857,0,3,False,True,2,0,0.007800000000000029,0.08524963645642658,0.10761560990137459,0.3134994984357391,0.18646169545173888,0.4706451483109173,6.699210862271404,0.3138625256467846,0.0,3.3199999999999514,9.890000000000146,0.0001595101721278291,True,1.0962203635435739,0.1578264080432008,1.0706223986043857,0.08,0.02,True,True,True,0.4,1.0,1.0,
braking_coarse,0.55,0.7,False,1109.259924592343,True,capture_count_not_one,True,,False,False,nan,nan,nan,nan,nan,1.038721867044724,0,4,False,True,2,0,0.007800000000000029,0.07118411960852566,0.08299859293560187,0.36311543813444214,0.20043173077619944,0.3799936299096953,6.986118743240694,0.38122708297872626,0.0,3.329999999999951,8.434999999999919,0.0001595101721278291,True,1.3481041196085262,0.06723206963497266,1.038721867044724,0.08,0.02,True,True,True,0.4,1.0,2.0,
braking_coarse,0.55,0.7,False,8.708774884434991,False,,True,,False,False,nan,nan,nan,nan,nan,1.004799844100383,0,4,False,False,1,0,0.007800000000000029,0.07474858149325447,0.08466194492775424,0.3426252002359351,0.19855514942420197,0.4087889582075157,6.239338416455772,0.381521965938054,0.0,3.344999999999951,8.409999999999915,0.0001595101721278291,True,1.3960135814932557,-0.043182165951902225,1.004799844100383,0.08,0.02,True,True,True,0.4,1.0,3.0,
braking_coarse,0.55,0.7,False,11.995952829336458,False,,True,,False,False,nan,nan,nan,nan,nan,1.0701793303510727,0,4,False,False,1,0,0.007800000000000029,0.08055385593839581,0.1653693681713759,0.3791462828159853,0.21770376831640026,0.503163299861618,5.851802247813437,0.3206635320082785,0.0,3.3199999999999514,8.879999999999988,0.0001595101721278291,True,1.8409238559383962,0.11760433030567231,1.0701793303510727,0.08,0.02,True,True,True,0.6,0.4,1.0,
braking_coarse,0.55,0.7,False,10.288196231782743,False,,True,,False,False,nan,nan,nan,nan,nan,1.0382170479219597,0,4,False,False,1,0,0.007800000000000029,0.07422324144320536,0.12114603569746865,0.37696893856800284,0.21285769221007358,0.44746676525196216,5.851802247813437,0.342545373179617,0.0,3.329999999999951,8.649999999999952,0.0001595101721278291,True,1.616543241443206,0.06740061400350696,1.0382170479219597,0.08,0.02,True,True,True,0.6,0.4,2.0,
braking_coarse,0.55,0.7,False,9.297610697697602,False,,True,,False,False,nan,nan,nan,nan,nan,1.0036496303278548,0,4,False,False,1,0,0.007800000000000029,0.07695704216071197,0.10789254596991553,0.3677556693757691,0.2089173546976879,0.42189228674636126,5.849120727429112,0.35127486288313764,0.0,3.344999999999951,8.564999999999939,0.0001595101721278291,True,1.5411170421607128,0.02780196917098129,1.0036496303278548,0.08,0.02,True,True,True,0.6,0.4,3.0,
braking_coarse,0.55,0.7,False,1111.2798469432119,True,capture_count_not_one,True,,False,False,nan,nan,nan,nan,nan,1.0705299287567478,0,3,False,False,2,0,0.007800000000000029,0.030812182011465072,0.13241156553671418,0.3292040460321486,0.1966349487073421,0.5037063110440205,5.851802247813437,0.31102469676553646,0.0,3.3199999999999514,8.909999999999993,0.0001595101721278291,True,1.4373878179885378,0.17448171233884413,1.0705299287567478,0.08,0.02,True,True,True,0.6,0.6,1.0,
braking_coarse,0.55,0.7,False,9.599674605024518,False,,True,,False,False,nan,nan,nan,nan,nan,1.0385585380381317,0,4,False,False,1,0,0.007800000000000029,0.07300074125935674,0.10710940262697259,0.371725151396749,0.20979129554379708,0.42318310457128705,5.970620718855508,0.35891697658970606,0.0,3.329999999999951,8.56999999999994,0.0001595101721278291,True,1.5256407412593576,0.04575480553864031,1.0385585380381317,0.08,0.02,True,True,True,0.6,0.6,2.0,
braking_coarse,0.55,0.7,False,1109.1409865143285,True,capture_count_not_one,True,,False,False,nan,nan,nan,nan,nan,1.0040866281687053,0,4,False,False,2,0,0.007800000000000029,0.07733017489820004,0.09414217095959754,0.3579089889351432,0.19970743245383563,0.35592778271541503,5.98533563578813,0.3623449521488987,0.0,3.344999999999951,8.50499999999993,0.0001595101721278291,True,1.456188174898201,0.048398592083122145,1.0040866281687053,0.08,0.02,True,True,True,0.6,0.6,3.0,
braking_coarse,0.55,0.7,False,11.465752275220172,False,,True,,False,False,nan,nan,nan,nan,nan,1.0706223986043857,0,4,False,False,1,0,0.007800000000000029,0.05244761893555516,0.11985596611197273,0.37781414380053846,0.21269845477031143,0.43089478331176867,6.056979835897905,0.3469655306413546,0.0,3.3199999999999514,8.684999999999958,0.0001595101721278291,True,1.6002476189355554,0.14716713115148122,1.0706223986043857,0.08,0.02,True,True,True,0.6,0.8,1.0,
braking_coarse,0.55,0.7,False,9.537693464041052,False,,True,,False,False,nan,nan,nan,nan,nan,1.0387071530523224,0,4,False,False,1,0,0.007800000000000029,0.08311809229575773,0.10680117224562177,0.36985995000621097,0.20808041961683826,0.4297877078932604,6.242543363847341,0.366550404049798,0.0,3.329999999999951,8.559999999999938,0.0001595101721278291,True,1.4909180922957586,0.04441775485987486,1.0387071530523224,0.08,0.02,True,True,True,0.6,0.8,2.0,
braking_coarse,0.55,0.7,False,8.711792581089153,False,,True,,False,False,nan,nan,nan,nan,nan,1.0044815720126785,0,4,False,False,1,0,0.007800000000000029,0.09081047014438481,0.1007215269849614,0.35434144254383093,0.20355274825886266,0.4096119044550346,6.123677553243301,0.37469115676635556,0.0,3.344999999999951,8.499999999999929,0.0001595101721278291,True,1.449610470144386,-0.010828008890865808,1.0044815720126785,0.08,0.02,True,True,True,0.6,0.8,3.0,
braking_coarse,0.55,0.7,False,1110.2753202575502,True,capture_count_not_one,True,,False,False,nan,nan,nan,nan,nan,1.0706223986043857,0,3,False,True,2,0,0.007800000000000029,0.08524963645642658,0.10761560990137459,0.3134994984357391,0.18646169545173888,0.4706451483109173,6.699210862271404,0.3138625256467846,0.0,3.3199999999999514,9.890000000000146,0.0001595101721278291,True,1.0962203635435739,0.1578264080432008,1.0706223986043857,0.08,0.02,True,True,True,0.6,1.0,1.0,
braking_coarse,0.55,0.7,False,1109.9320432188915,True,capture_count_not_one,True,,False,False,nan,nan,nan,nan,nan,1.038721867044724,0,4,False,True,2,0,0.007800000000000029,0.04036463177324845,0.08792413838695132,0.367176426917144,0.20375221179450853,0.38922794155334883,6.900601878057673,0.37477561389893177,0.0,3.329999999999951,8.479999999999926,0.0001595101721278291,True,1.336474631773249,0.10055160426906315,1.038721867044724,0.08,0.02,True,True,True,0.6,1.0,2.0,
braking_coarse,0.55,0.7,False,8.808558093187301,False,,True,,False,False,nan,nan,nan,nan,nan,1.0047379372666363,0,4,False,False,1,0,0.007800000000000029,0.09492710645998592,0.09856120088081063,0.34780455361173934,0.20066247351638344,0.40240413335403136,6.204017225396006,0.37917789475590563,0.0,3.344999999999951,8.474999999999925,0.0001595101721278291,True,1.4349081064599867,-0.02644425361932392,1.0047379372666363,0.08,0.02,True,True,True,0.6,1.0,3.0,
braking_refinement,0.55,0.7,False,8.73289932475056,False,,True,,False,False,nan,nan,nan,nan,nan,1.020234597057921,0,4,False,False,1,0,0.007800000000000029,0.08403096151358769,0.09047320529328172,0.3540932525520686,0.20435400903460949,0.42026597336127014,6.268798093710745,0.37868094638721034,0.0,3.334999999999951,8.434999999999919,0.0001595101721278291,True,1.4344909615135886,-0.025530840201209683,1.020234597057921,0.08,0.02,True,True,True,0.3,0.9,2.5,
braking_refinement,0.55,0.7,False,1108.3592868636154,True,capture_count_not_one,True,,False,False,nan,nan,nan,nan,nan,1.0047382108051925,0,4,False,False,2,0,0.007800000000000029,0.07772608720455554,0.07705448839652257,0.3478662451740564,0.19920824472939253,0.3814031073398163,6.592652577642816,0.3884629701999159,0.0,3.344999999999951,8.354999999999906,0.0001595101721278291,True,1.3677180872045565,-0.026096813110023487,1.0047382108051925,0.08,0.02,True,True,True,0.3,0.9,3.0,
braking_refinement,0.55,0.7,False,8.787493843148123,False,,True,,False,False,nan,nan,nan,nan,nan,0.9989754805976162,0,4,False,False,1,0,0.007800000000000029,0.08738030244221107,0.09359298981476455,0.34683818329790306,0.20061289701216137,0.39855542489067064,6.204009752516001,0.37963373340235057,0.0,3.349999999999951,8.454999999999922,0.0001595101721278291,True,1.4045748024422118,-0.03234154958347919,0.9989754805976162,0.08,0.02,True,True,True,0.3,0.9,3.5,
braking_refinement,0.55,0.7,False,8.658872992444152,False,,True,,False,False,nan,nan,nan,nan,nan,1.014220591749011,0,4,False,False,1,0,0.007800000000000029,0.09247021493557495,0.09887769903180421,0.3523675159397459,0.20213100544990667,0.41287425744535233,6.286304794124758,0.37854642313511494,0.0,3.339999999999951,8.489999999999927,0.0001595101721278291,True,1.4229202149355757,-0.012022253194102758,1.014220591749011,0.08,0.02,True,True,True,0.3,1.0,2.5,
braking_refinement,0.55,0.7,False,8.47689429693838,False,,True,,False,False,nan,nan,nan,nan,nan,1.0048365430686306,0,4,False,False,1,0,0.007800000000000029,0.05405786541525526,0.08015967059701058,0.35981620375593004,0.20745352929510427,0.41562731504344175,6.254773140297873,0.37977081898766507,0.0,3.344999999999951,8.389999999999912,0.0001595101721278291,True,1.363564865415256,-0.016333570299188197,1.0048365430686306,0.08,0.02,True,True,True,0.3,1.0,3.0,
braking_refinement,0.55,0.7,False,1109.3379970923613,True,capture_count_not_one,True,,False,False,nan,nan,nan,nan,nan,0.9991099944114848,0,4,False,False,3,0,0.007800000000000029,0.07529501437093766,0.07724487428469687,0.33873763023742676,0.20032134041334815,0.4299653220134725,6.515151155547793,0.3988754791076886,0.0,3.349999999999951,8.324999999999902,0.0001595101721278291,True,1.3632020143709387,-0.09643399334397108,0.9991099944114848,0.08,0.02,True,True,True,0.3,1.0,3.5,
braking_refinement,0.55,0.7,False,8.62238111983405,False,,True,,False,False,nan,nan,nan,nan,nan,1.014236125301629,0,4,False,False,1,0,0.007800000000000029,0.09037456055663662,0.09591519712932352,0.35214383077374034,0.20190332496836852,0.4092713240185273,6.313384289107314,0.3795000567580945,0.0,3.339999999999951,8.474999999999925,0.0001595101721278291,True,1.4065745605566373,-0.013840374655099302,1.014236125301629,0.08,0.02,True,True,True,0.3,1.1,2.5,
braking_refinement,0.55,0.7,False,8.757878090716353,False,,True,,False,False,nan,nan,nan,nan,nan,1.0048516406850896,0,4,False,False,1,0,0.007800000000000029,0.07784872569413959,0.09213764706757235,0.3470601312760053,0.20078242679821873,0.4205838386459466,6.2782752555201595,0.37996726813393383,0.0,3.344999999999951,8.459999999999923,0.0001595101721278291,True,1.3721517256941407,-0.032046637908177716,1.0048516406850896,0.08,0.02,True,True,True,0.3,1.1,3.0,
braking_refinement,0.55,0.7,False,8.783204883454273,False,,True,,False,False,nan,nan,nan,nan,nan,0.9991099944114848,0,4,False,False,1,0,0.007800000000000029,0.0866684990387332,0.09216064294698632,0.349607574619867,0.20226705253976152,0.41616277901313836,6.253604849003013,0.3805002277280187,0.0,3.349999999999951,8.44499999999992,0.0001595101721278291,True,1.3688054990387342,-0.031016383527884037,0.9991099944114848,0.08,0.02,True,True,True,0.3,1.1,3.5,
braking_refinement,0.55,0.7,False,8.941605831445226,False,,True,,False,False,nan,nan,nan,nan,nan,1.0202146482516343,0,4,False,False,1,0,0.007800000000000029,0.07765588293412029,0.09112661397304314,0.3442424946299647,0.20071620215831373,0.41936144013637455,6.260939595441517,0.379790196694836,0.0,3.334999999999951,8.44499999999992,0.0001595101721278291,True,1.4328358829341212,-0.0475657722734386,1.0202146482516343,0.08,0.02,True,True,True,0.4,0.9,2.5,
braking_refinement,0.55,0.7,False,1108.625644533602,True,capture_count_not_one,True,,False,False,nan,nan,nan,nan,nan,1.0047210258372892,0,4,False,False,2,0,0.007800000000000029,0.07245137192783546,0.08821949104007974,0.3506379916058866,0.20249602435801073,0.3874057487482472,6.564770737577903,0.38659942323241253,0.0,3.344999999999951,8.43999999999992,0.0001595101721278291,True,1.3691023719278368,-0.02492763687743157,1.0047210258372892,0.08,0.02,True,True,True,0.4,0.9,3.0,
braking_refinement,0.55,0.7,False,8.997961825477061,False,,True,,False,False,nan,nan,nan,nan,nan,0.9989719535221077,0,4,False,False,1,0,0.007800000000000029,0.08545474074773574,0.08820137493623256,0.34325131425153765,0.20016281731188287,0.40413083423500473,6.196837396393214,0.382898125026868,0.0,3.349999999999951,8.409999999999915,0.0001595101721278291,True,1.4091822407477366,-0.05625286740788023,0.9989719535221077,0.08,0.02,True,True,True,0.4,0.9,3.5,
braking_refinement,0.55,0.7,False,8.676956098913049,False,,True,,False,False,nan,nan,nan,nan,nan,1.020234597057921,0,4,False,False,1,0,0.007800000000000029,0.0887125276650218,0.09908094891481124,0.3561040359538332,0.20436294904067143,0.42496958225166925,6.290750478436818,0.37716193202850523,0.0,3.334999999999951,8.494999999999928,0.0001595101721278291,True,1.427472527665023,-0.008977818044785072,1.020234597057921,0.08,0.02,True,True,True,0.4,1.0,2.5,
braking_refinement,0.55,0.7,False,8.708774884434991,False,,True,,False,False,nan,nan,nan,nan,nan,1.004799844100383,0,4,False,False,1,0,0.007800000000000029,0.07474858149325447,0.08466194492775424,0.3426252002359351,0.19855514942420197,0.4087889582075157,6.239338416455772,0.381521965938054,0.0,3.344999999999951,8.409999999999915,0.0001595101721278291,True,1.3960135814932557,-0.043182165951902225,1.004799844100383,0.08,0.02,True,True,True,0.4,1.0,3.0,
braking_refinement,0.55,0.7,False,1109.3367542140868,True,capture_count_not_one,True,,False,False,nan,nan,nan,nan,nan,0.9990931418829481,0,4,False,False,3,0,0.007800000000000029,0.07880030330848764,0.07958769838203704,0.3384556269344763,0.199877444746355,0.42286208603505826,6.507945072324545,0.3982695746551168,0.0,3.349999999999951,8.334999999999903,0.0001595101721278291,True,1.378236303308489,-0.09371130197585271,0.9990931418829481,0.08,0.02,True,True,True,0.4,1.0,3.5,
braking_refinement,0.55,0.7,False,1108.5811683028767,True,capture_count_not_one,True,,False,False,nan,nan,nan,nan,nan,1.020234597057921,0,4,False,False,2,0,0.007800000000000029,0.07210882627985726,0.08732338489114456,0.35184894865598504,0.2028973242133784,0.4100875236996566,6.817152341639045,0.39117245545715,0.0,3.334999999999951,8.434999999999919,0.0001595101721278291,True,1.3418938262798574,-0.022082525090681437,1.020234597057921,0.08,0.02,True,True,True,0.4,1.1,2.5,
braking_refinement,0.55,0.7,False,1108.8151915731612,True,capture_count_not_one,True,,False,False,nan,nan,nan,nan,nan,1.0048516406850896,0,4,False,False,2,0,0.007800000000000029,0.0849755057703756,0.08654633748743336,0.34417531636454557,0.19963140915762867,0.41602113296864984,6.635611816153867,0.39332741136497434,0.0,3.344999999999951,8.404999999999914,0.0001595101721278291,True,1.3546855057703773,-0.0460131712127171,1.0048516406850896,0.08,0.02,True,True,True,0.4,1.1,3.0,
braking_refinement,0.55,0.7,False,8.547690543875309,False,,True,,False,False,nan,nan,nan,nan,nan,0.9991099944114848,0,4,False,False,1,0,0.007800000000000029,0.05836427638215702,0.08226836365488326,0.35825313501543987,0.20696768397803483,0.41649974076920837,6.24206930707674,0.3796587027878099,0.0,3.349999999999951,8.404999999999914,0.0001595101721278291,True,1.3558867763821585,-0.01960767205619298,0.9991099944114848,0.08,0.02,True,True,True,0.4,1.1,3.5,
braking_refinement,0.55,0.7,False,8.770281999060007,False,,True,,False,False,nan,nan,nan,nan,nan,1.020214249377626,0,4,False,False,1,0,0.007800000000000029,0.094879940211271,0.10216617591177417,0.35762093536666506,0.20265317858966567,0.4053418216158562,6.2624257056145,0.3739559366110415,0.0,3.334999999999951,8.514999999999931,0.0001595101721278291,True,1.456064940211272,0.011214489417414372,1.020214249377626,0.08,0.02,True,True,True,0.5,0.9,2.5,
braking_refinement,0.55,0.7,False,1108.237363687483,True,capture_count_not_one,True,,False,False,nan,nan,nan,nan,nan,1.0046507100203819,0,4,False,False,2,0,0.007800000000000029,0.0662070635091987,0.08203147779342054,0.3567910332533353,0.20250303468939573,0.3858697401410389,6.544257305627926,0.38374964090854596,0.0,3.344999999999951,8.409999999999915,0.0001595101721278291,True,1.3686270635091997,0.0031862301458172944,1.0046507100203819,0.08,0.02,True,True,True,0.5,0.9,3.0,
braking_refinement,0.55,0.7,False,8.78667054481629,False,,True,,False,False,nan,nan,nan,nan,nan,0.9989400274714166,0,4,False,False,1,0,0.007800000000000029,0.08304620570066024,0.09207381642627885,0.3462004681474917,0.20056052522793905,0.39395712598373,6.175235829258924,0.37879756746586635,0.0,3.349999999999951,8.449999999999921,0.0001595101721278291,True,1.4124227057006615,-0.03477228550242697,0.9989400274714166,0.08,0.02,True,True,True,0.5,0.9,3.5,
braking_refinement,0.55,0.7,False,8.70746816763735,False,,True,,False,False,nan,nan,nan,nan,nan,1.020234597057921,0,4,False,False,1,0,0.007800000000000029,0.08780346208269307,0.1001116099245768,0.35462094401907795,0.20383475784460034,0.42025343783119107,6.273311065644812,0.3768166609357934,0.0,3.334999999999951,8.499999999999929,0.0001595101721278291,True,1.4370434620826935,-0.010978596700602077,1.020234597057921,0.08,0.02,True,True,True,0.5,1.0,2.5,
braking_refinement,0.55,0.7,True,8.419319927062089,False,,True,,False,False,nan,nan,nan,nan,nan,1.0047982805546702,0,4,False,False,1,0,0.007800000000000029,0.08820581756588197,0.09398865060449908,0.3506620481576561,0.199770333842782,0.40577986421456225,6.220250138564765,0.37757552172557973,0.0,3.344999999999951,8.469999999999924,0.0001595101721278291,True,1.4196288175658827,-0.005281539664515021,1.0047982805546702,0.08,0.02,True,True,True,0.5,1.0,3.0,
braking_refinement,0.55,0.7,False,1109.2322149570525,True,capture_count_not_one,True,,False,False,nan,nan,nan,nan,nan,0.9990478979902891,0,4,False,False,3,0,0.007800000000000029,0.08826887181876497,0.08945361153754332,0.33820250410509356,0.1984427773126524,0.4147984713232602,6.4994403108413685,0.39540225808595153,0.0,3.349999999999951,8.404999999999914,0.0001595101721278291,True,1.3976338718187662,-0.07471266080827237,0.9990478979902891,0.08,0.02,True,True,True,0.5,1.0,3.5,
braking_refinement,0.55,0.7,False,1108.5278261668795,True,capture_count_not_one,True,,False,False,nan,nan,nan,nan,nan,1.020234597057921,0,4,False,False,2,0,0.007800000000000029,0.07099518794663484,0.08635066435309875,0.3566481390347569,0.2009240980893331,0.39967752052399574,6.800898066587365,0.3860870490629108,0.0,3.334999999999951,8.44499999999992,0.0001595101721278291,True,1.3546851879466344,0.01793936723844481,1.020234597057921,0.08,0.02,True,True,True,0.5,1.1,2.5,
braking_refinement,0.55,0.7,False,1108.6317005367282,True,capture_count_not_one,True,,False,False,nan,nan,nan,nan,nan,1.004836378525766,0,4,False,False,2,0,0.007800000000000029,0.08211511983987396,0.0862102323297249,0.3472899201889077,0.20034434499422088,0.3992905913760372,6.630088684463633,0.3913505172957636,0.0,3.344999999999951,8.414999999999916,0.0001595101721278291,True,1.3653611198398745,-0.031676882553494816,1.004836378525766,0.08,0.02,True,True,True,0.5,1.1,3.0,
braking_refinement,0.55,0.7,False,1109.5414330257547,True,capture_count_not_one,True,,False,False,nan,nan,nan,nan,nan,0.9990938043471632,0,4,False,False,3,0,0.007800000000000029,0.09044392703379578,0.08849355091300891,0.33653232965056445,0.19896080136657016,0.4293542648324382,6.4886679755775765,0.3969414686724028,0.0,3.349999999999951,8.37499999999991,0.0001595101721278291,True,1.3919719270337967,-0.0973753798215521,0.9990938043471632,0.08,0.02,True,True,True,0.5,1.1,3.5,
moving_mass,,,False,15.963428384295682,False,,True,,False,False,nan,nan,nan,nan,nan,0.5947006229315119,0,4,False,False,0,1,1.0,0.00037392327477525633,0.07028616597857797,0.2930841405731792,0.16588723040434156,0.16894065938431346,4.243229424624679,0.3781826795194865,0.0,4.139999999999934,9.010000000000009,0.0008844967703512015,True,0.9996260767252247,0.2278472089037904,0.5947006229315119,,,,,,,,,0.0
moving_mass,,,False,14.35248943502802,False,,True,,False,False,nan,nan,nan,nan,nan,0.5293848443304046,0,4,False,False,0,1,1.0,0.04679195168898953,0.06871250316797875,0.23105283516026576,0.13080554711928447,0.17002994801305604,3.9288693922698843,0.21547827001931466,0.0,4.154999999999934,9.320000000000057,0.0008007091535608133,True,0.9532080483110105,0.05466946556077218,0.5293848443304046,,,,,,,,,0.025
moving_mass,,,False,16.098968652408622,False,,True,,False,False,nan,nan,nan,nan,nan,0.5000265999058664,0,4,False,True,0,1,1.0,0.10766947801496629,0.06071271513125656,0.25177700481894216,0.13878147307012084,0.15623187097765068,3.771567865676209,0.13769721710680563,0.0,4.249999999999932,nan,0.0007679439319072506,True,1.1076694780149663,0.16087833026740023,0.5000265999058664,,,,,,,,,0.04
moving_mass,,,False,12.871872290498779,False,,True,,False,False,nan,nan,nan,nan,nan,0.4804892113228131,0,2,False,False,0,1,1.0,0.13871799031131293,0.16598911659674814,0.06192678596777035,0.03230939496003024,0.23579279294167632,3.6411874282616035,0.11107514786972202,0.0,4.419999999999928,nan,0.0007320433971677621,True,1.138717990311313,-0.013794788619733767,0.4804892113228131,,,,,,,,,0.055
moving_mass,,,False,3.785059313793504,False,,True,,False,False,nan,nan,nan,nan,nan,0.4549705260948105,0,2,False,False,0,1,1.0,0.007109663745420769,0.015663625762892316,0.040278856747221314,0.020730379559836386,0.05938221892309392,3.5278533488224366,0.10176476411195623,0.0,4.919999999999917,4.429999999999928,0.0007089431638009294,True,0.9928903362545792,-0.012564217828186362,0.4549705260948105,,,,,,,,,0.07
