stage,candidate_id,candidate_key,search_phase,atc_rat_pit_p,atc_rat_pit_i,atc_rat_pit_d,atc_ang_pit_p,psc_ne_pos_p,psc_ne_vel_p,moving_mass_assist_gain_m_per_Nm,scenario_count,primary_scenario_count,missing_scenario_count,rejected,rejection_reasons,normalized_score,rank,selection_label,duration_s,rms_rate_error_deg_s,tail_rms_rate_error_deg_s,tail_mean_abs_rate_error_deg_s,terminal_abs_rate_error_deg_s,rate_overshoot_deg_s,rate_zero_crossings,rms_theta_deg,tail_rms_theta_deg,terminal_abs_theta_deg,terminal_abs_omega_deg_s,theta_overshoot_deg,tail_peak_to_peak_theta_deg,max_omega_deg_s,tail_rms_x_m,tail_rms_vx_m_s,tail_peak_to_peak_x_m,tail_path_length_m,x_error_zero_crossings,oscillation_peak_count,settling_time_s,final_abs_x_error_m,rms_x_error_m,vane_command_rms_deg,vane_command_max_deg,vane_angle_saturation_percent,servo_rate_saturation_percent,mixer_saturation_percent,control_effort_rms_Nm,integrator_rms_Nm,integrator_max_abs_Nm,integrator_inhibition_percent,anti_windup_rms_Nm,moving_mass_max_offset_m,moving_mass_saturation_percent,moving_mass_tracking_rms_m,moving_mass_target_reversals,moving_mass_actual_reversals,baseline_rms_theta_deg,baseline_rms_x_error_m,baseline_final_abs_x_error_m,baseline_tail_path_length_m,baseline_vane_command_rms_deg,rms_theta_improvement_deg,rms_theta_ratio,rms_x_change_m,rms_x_ratio,final_x_ratio,tail_path_ratio,vane_command_rms_ratio,left_right_symmetry_error
rate_i,rate_i-9c54834c68,"rate_i|atc_rat_pit_d=0.008,atc_rat_pit_i=0,atc_rat_pit_p=0.07",full,0.07,0.0,0.008,,,,,4,4,0,False,,2.134130170697223,1,"best aggregate, fastest settling, lowest saturation",3.4999999999999476,11.691940957108024,13.639275086492908,12.767836790931469,13.922042021783431,0.0,0.5,5.505949362839133,7.8757284020014104,7.2336494981423,5.56225999980501,2.686430915566776,1.7883107871816746,10.047784719774185,1.8826447763983956,1.7559911224608808,1.3043689180637508,1.3240721422424153,0.0,0.5,3.049999999999957,2.400432986334256,1.0489448464077125,0.30170472733167064,0.5538855350241462,0.0,0.0,0.0,0.014556204836669407,0.0,0.0,0.0,1.643508485571144e-19,0.0,0.0,0.0,0.0,0.0,0.0,0.0,0.0,0.0,0.0,0.0,0.0,0.0,0.0,0.0,0.0,0.0,0.0
rate_i,rate_i-a625948e2d,"rate_i|atc_rat_pit_d=0.008,atc_rat_pit_i=0,atc_rat_pit_p=0.0725",full,0.0725,0.0,0.008,,,,,4,4,0,False,,2.1341851173178688,2,,3.4999999999999476,11.412421823328113,13.431355660305933,12.844269420211202,11.739596828716936,0.0,0.5,5.471126438762563,7.791930464201352,6.885403896896627,6.022010946183338,2.609918062257454,2.0600435351180253,10.507535666152512,1.8687262545824506,1.761387795954429,1.3133403365387561,1.3287271998440748,0.0,0.5,3.049999999999957,2.380256978469363,1.0425396682410866,0.3031076649217282,0.5588971323221017,0.0,0.0,0.0,0.014622140781444474,0.0,0.0,0.0,1.573439539599165e-19,0.0,0.0,0.0,0.0,0.0,0.0,0.0,0.0,0.0,0.0,0.0,0.0,0.0,0.0,0.0,0.0,0.0,0.0
rate_i,rate_i-547152cfca,"rate_i|atc_rat_pit_d=0.008,atc_rat_pit_i=0,atc_rat_pit_p=0.075",full,0.075,0.0,0.008,,,,,4,4,0,False,,2.134185912364546,3,most stable,3.4999999999999476,11.095184306954044,13.097895176730091,12.697859885783206,9.302128940959387,0.0,0.5,5.431508887779872,7.694431463805861,6.52095364198657,6.442470837243096,2.5296341147381467,2.3442098425087745,10.92799555721227,1.854613713893611,1.7659761819747026,1.3216946806655565,1.3333705054500742,0.0,0.5,3.049999999999957,2.3607663882344805,1.0360571024959813,0.30316385632707155,0.5620756682713223,0.0,0.0,0.0,0.014623094837457301,0.0,0.0,0.0,1.9927106821544516e-19,0.0,0.0,0.0,0.0,0.0,0.0,0.0,0.0,0.0,0.0,0.0,0.0,0.0,0.0,0.0,0.0,0.0,0.0
rate_i,rate_i-27056fc5eb,"rate_i|atc_rat_pit_d=0.008,atc_rat_pit_i=0.002,atc_rat_pit_p=0.075",full,0.075,0.002,0.008,,,,,4,4,0,False,,2.13521537634935,4,,3.4999999999999476,11.170147878250818,13.496849849148042,13.1251649837941,9.349185767185629,0.0,0.5,5.435338477835279,7.697044365301538,6.457050616373961,6.542261950252391,2.5433609540614666,2.421839707444703,11.027786670221566,1.8488099871663823,1.7711681109716615,1.3275174375634362,1.3379172193377191,0.0,0.5,3.049999999999957,2.3508430988676055,1.033458253638724,0.30669566669630155,0.5641964206304287,0.0,0.0,0.0,0.014793548873092751,0.0004930105306152819,0.0007936865336572272,0.0,1.636530864923808e-19,0.0,0.0,0.0,0.0,0.0,0.0,0.0,0.0,0.0,0.0,0.0,0.0,0.0,0.0,0.0,0.0,0.0,0.0
rate_i,rate_i-9a62c393bc,"rate_i|atc_rat_pit_d=0.008,atc_rat_pit_i=0.002,atc_rat_pit_p=0.0725",full,0.0725,0.002,0.008,,,,,4,4,0,False,,2.1352639616816367,5,,3.4999999999999476,11.501487074132609,13.92256020815542,13.389338860358102,11.854296564936085,0.0,0.5,5.476283023091283,7.798276903341858,6.8182849157658545,6.163285472850428,2.625446848021888,2.142691302013232,10.648810192819603,1.8620757220485222,1.7672829807640849,1.3199036464922085,1.333549173284284,0.0,0.5,3.049999999999957,2.3688145557177616,1.0395336969415603,0.306974091705683,0.5612538660623796,0.0,0.0,0.0,0.014808895886445343,0.0005128972831112434,0.000824511766050372,0.0,1.756608721733051e-19,0.0,0.0,0.0,0.0,0.0,0.0,0.0,0.0,0.0,0.0,0.0,0.0,0.0,0.0,0.0,0.0,0.0,0.0
rate_i,rate_i-f108346f03,"rate_i|atc_rat_pit_d=0.008,atc_rat_pit_i=0.002,atc_rat_pit_p=0.07",full,0.07,0.002,0.008,,,,,4,4,0,False,,2.1352690751536096,6,,3.4999999999999476,11.798004751066749,14.201859834275822,13.396187615639661,14.227462835110774,0.0,0.5,5.513595444006342,7.8889559467503325,7.185125884780827,5.69982456310399,2.70572456787053,1.8561280528469024,10.185349283073164,1.8760710474519013,1.7618358789160697,1.3107985735325347,1.3285074398340582,0.0,0.5,3.049999999999957,2.3889794727214935,1.0459414112283298,0.3060949037049238,0.5587105419970668,0.0,0.0,0.0,0.014768389190531861,0.0005344912008340821,0.0008577383252777134,0.0,1.5590740782935121e-19,0.0,0.0,0.0,0.0,0.0,0.0,0.0,0.0,0.0,0.0,0.0,0.0,0.0,0.0,0.0,0.0,0.0,0.0
rate_i,rate_i-7ec3454abf,"rate_i|atc_rat_pit_d=0.008,atc_rat_pit_i=0.004,atc_rat_pit_p=0.07",full,0.07,0.004,0.008,,,,,4,4,0,False,,2.136135243656173,7,,3.4999999999999476,11.963224001254357,15.337720110880976,15.022128069685962,8.998652754575007,0.0,0.5,5.528735510426698,7.846291802528572,6.196354294511296,7.437506439363179,2.7702331597302203,2.9094082349761226,11.923031159332353,1.8417800825603459,1.7980955416825455,1.3543147182072814,1.3622950728918486,0.0,0.5,3.049999999999957,2.324689249666641,1.0317036135752826,0.3083106539302941,0.5709943022664059,0.0,0.0,0.0,0.014877923343938008,0.0009649856682738205,0.0015854930978008422,0.0,1.418941635615185e-19,0.0,0.0,0.0,0.0,0.0,0.0,0.0,0.0,0.0,0.0,0.0,0.0,0.0,0.0,0.0,0.0,0.0,0.0
rate_i,rate_i-8bf417eaf1,"rate_i|atc_rat_pit_d=0.008,atc_rat_pit_i=0.004,atc_rat_pit_p=0.075",full,0.075,0.004,0.008,,,,,4,4,0,False,,2.136209708579307,8,,3.4999999999999476,11.242044761216897,13.890435730506592,13.548794912958076,9.31817682188806,0.0,0.5,5.437444560374874,7.694512353509602,6.379250729326119,6.652269717059729,2.5515917161017603,2.50787035653284,11.137794437028903,1.8422686435559232,1.7767399754803814,1.3339296183410199,1.3430081926609607,0.0,0.5,3.049999999999957,2.339837382658263,1.0305415722558335,0.3102668107521691,0.5661587658980601,0.0,0.0,0.0,0.014965895850980255,0.0009656270574952135,0.0015599169029736127,0.0,1.7582887222022957e-19,0.0,0.0,0.0,0.0,0.0,0.0,0.0,0.0,0.0,0.0,0.0,0.0,0.0,0.0,0.0,0.0,0.0,0.0
rate_i,rate_i-95c693db7f,"rate_i|atc_rat_pit_d=0.008,atc_rat_pit_i=0.004,atc_rat_pit_p=0.0725",full,0.0725,0.004,0.008,,,,,4,4,0,False,,2.136305992362475,9,,3.4999999999999476,11.586356738332206,14.377033498667014,13.898069714597895,11.990723426914325,0.0,0.5,5.479549630661505,7.799328157418817,6.751919838439378,6.252814597223467,2.632741812073878,2.2163513433916986,10.73833931719264,1.8553282221805676,1.7730733755087718,1.3264997368990736,1.338475546362238,0.0,0.5,3.049999999999957,2.357336728926566,1.0365086748028105,0.3108937677152514,0.5647039101635152,0.0,0.0,0.0,0.014998076935867044,0.0010042193977334518,0.0016196046281668716,0.0,1.5954701564278776e-19,0.0,0.0,0.0,0.0,0.0,0.0,0.0,0.0,0.0,0.0,0.0,0.0,0.0,0.0,0.0,0.0,0.0,0.0
rate_i,rate_i-d5854562e1,"rate_i|atc_rat_pit_d=0.008,atc_rat_pit_i=0.006,atc_rat_pit_p=0.075",full,0.075,0.006,0.008,,,,,4,4,0,False,,2.1368392612393112,10,,3.4999999999999476,11.212712324063142,14.081921366759708,13.476989551422278,2.035067217609496,0.0,0.5,5.439868413123599,7.592637847789609,6.38676366785718,8.219946569822902,2.6099048291198432,3.664881149706372,12.705471289792076,1.811125908131631,1.805087459022669,1.3711837317701978,1.375322401934584,0.0,0.5,3.049999999999957,2.2852485635464705,1.0179919507537305,0.3100156071090897,0.5801860638430915,0.0,0.0,0.0,0.014956044356814692,0.0013199394122039364,0.0021819652895707486,0.0,1.6861181163624943e-19,0.0,0.0,0.0,0.0,0.0,0.0,0.0,0.0,0.0,0.0,0.0,0.0,0.0,0.0,0.0,0.0,0.0,0.0
rate_i,rate_i-a4644beb97,"rate_i|atc_rat_pit_d=0.008,atc_rat_pit_i=0.006,atc_rat_pit_p=0.0725",full,0.0725,0.006,0.008,,,,,4,4,0,False,,2.136954811009714,11,,3.4999999999999476,11.623674945316285,14.923959284713213,14.537101371599757,5.458960885613018,0.0,0.5,5.482266521710147,7.711285720155523,5.985255937408627,7.935980433352735,2.6894631417446693,3.342931731882645,12.42150515332191,1.8221093710081295,1.8054721022274793,1.36725549914368,1.3724047759263587,0.0,0.5,3.049999999999957,2.297417308116811,1.0229226101491617,0.3108462815840267,0.577123810103661,0.0,0.0,0.0,0.014998192378296287,0.0013646207561861892,0.0022532049070257106,0.0,1.7148022072625092e-19,0.0,0.0,0.0,0.0,0.0,0.0,0.0,0.0,0.0,0.0,0.0,0.0,0.0,0.0,0.0,0.0,0.0,0.0
rate_i,rate_i-b8dc5a5ba3,"rate_i|atc_rat_pit_d=0.008,atc_rat_pit_i=0.006,atc_rat_pit_p=0.07",full,0.07,0.006,0.008,,,,,4,4,0,False,,2.1370697746630953,12,,3.4999999999999476,12.026908678075351,15.692120505149791,15.385267954579156,8.65131276058719,0.0,0.5,5.526921392932036,7.830158343826236,6.072270184432212,7.584662015780196,2.7717358270524497,3.0349950123774354,12.07018673574937,1.8335907797703668,1.8046093080072128,1.3622447440428387,1.3689213714530153,0.0,0.5,3.049999999999957,2.3111022496403515,1.0280994917885744,0.3115401564774187,0.5741297707776369,0.0,0.0,0.0,0.015033785474733276,0.001412011167121791,0.0023284682622329083,0.0,1.505957200955499e-19,0.0,0.0,0.0,0.0,0.0,0.0,0.0,0.0,0.0,0.0,0.0,0.0,0.0,0.0,0.0,0.0,0.0,0.0
rate_i,rate_i-1acb872f6c,"rate_i|atc_rat_pit_d=0.008,atc_rat_pit_i=0.008,atc_rat_pit_p=0.075",full,0.075,0.008,0.008,,,,,4,4,0,True,unbounded growth,1000000000.0,13,,3.4999999999999476,11.252833489412318,14.2854617337259,13.597945235398903,1.3839473762800119,0.0,0.5,5.439022579837249,7.575661647401267,6.522201927979745,8.343343528224779,2.6133548469290346,3.8037694276381284,12.828868248193952,1.804347835593337,1.810136464674517,1.3777720071027624,1.3815483767002514,0.0,0.5,3.0449999999999573,2.274102375668195,1.0150454823847526,0.31321397161592696,0.5822536329234447,0.0,0.0,0.0,0.01511037760820214,0.001722917559711723,0.002856580774504339,0.0,1.721868344251876e-19,0.0,0.0,0.0,0.0,0.0,0.0,0.0,0.0,0.0,0.0,0.0,0.0,0.0,0.0,0.0,0.0,0.0,0.0
rate_i,rate_i-2f6c03bea8,"rate_i|atc_rat_pit_d=0.008,atc_rat_pit_i=0.01,atc_rat_pit_p=0.075",full,0.075,0.01,0.008,,,,,4,4,0,True,unbounded growth,1000000000.0,14,,3.4999999999999476,11.300915058952612,14.465325160408451,13.69537006820337,0.8162212099425924,0.0,0.5,5.439320933050227,7.557615719872322,6.6502415451849926,8.406150349841376,2.6167407139811076,3.935194911895448,12.89167506981055,1.797900287372337,1.8151656447525237,1.3844907355919427,1.3880732155054307,0.5,0.5,3.0399999999999574,2.2808400738889003,1.012309513274471,0.3168024835437829,0.5848130904366697,0.0,0.0,0.0,0.015283507129201658,0.0021113706933046476,0.003509937656793122,0.0,1.8608006140696015e-19,0.0,0.0,0.0,0.0,0.0,0.0,0.0,0.0,0.0,0.0,0.0,0.0,0.0,0.0,0.0,0.0,0.0,0.0
rate_i,rate_i-c81425a669,"rate_i|atc_rat_pit_d=0.008,atc_rat_pit_i=0.016,atc_rat_pit_p=0.075",full,0.075,0.016,0.008,,,,,4,4,0,True,unbounded growth,1000000000.0,15,,3.4999999999999476,11.304575060790373,14.581742791229573,13.457273843727137,3.5833073673678797,0.0,1.0,5.437791436147154,7.5115050032891055,7.162421496764327,8.690490651885327,2.6221513667819933,4.452785516275668,13.233191960538136,1.7824162404840778,1.8251732605509874,1.3989613891710733,1.402507031497441,0.5,0.0,3.049999999999957,2.30636695327904,1.0055649551580434,0.32567423690085523,0.5952486593182265,0.0,0.0,0.0,0.015710898288089612,0.0032177834724216045,0.005369256126270611,0.0,2.0618721821168317e-19,0.0,0.0,0.0,0.0,0.0,0.0,0.0,0.0,0.0,0.0,0.0,0.0,0.0,0.0,0.0,0.0,0.0,0.0
rate_i,rate_i-e17b3bc2a3,"rate_i|atc_rat_pit_d=0.008,atc_rat_pit_i=0.026,atc_rat_pit_p=0.075",full,0.075,0.026,0.008,,,,,4,4,0,True,unbounded growth,1000000000.0,16,,3.4999999999999476,11.379956810934539,14.696583853679485,13.334920861344994,8.397319865025388,0.0,1.0,5.451075786359762,7.470422906028942,7.894656725311266,8.606722695646255,2.624675821424084,5.187545199464698,13.663902927606479,1.762784779717385,1.8374682725667806,1.417088461885401,1.420632924029765,0.5,0.0,3.049999999999957,2.3419383922210177,0.9967654674904334,0.3453124196326855,0.611637471570137,0.0,0.0,0.0,0.016657138639931804,0.004907579704259601,0.008167035947501731,0.0,2.269519174846128e-19,0.0,0.0,0.0,0.0,0.0,0.0,0.0,0.0,0.0,0.0,0.0,0.0,0.0,0.0,0.0,0.0,0.0,0.0
rate_i,rate_i-927f449e1a,"rate_i|atc_rat_pit_d=0.008,atc_rat_pit_i=0.012,atc_rat_pit_p=0.075",full,0.075,0.012,0.008,,,,,4,4,0,True,unbounded growth,1000000000.0,17,,3.4999999999999476,11.356825020322557,14.65118589613429,13.802962158693898,0.6855256821881257,0.0,1.0,5.440502109017977,7.5445714031154765,6.7641576942253865,8.475471708538217,2.621580423195845,4.05395077015058,12.960996428507391,1.7922618795673924,1.8197702298686251,1.3905611286248811,1.3941085922663468,0.5,0.0,3.0349999999999575,2.2906864347542677,1.0098899055420376,0.3207992577475466,0.5890796506025953,0.0,0.0,0.0,0.01547639764256074,0.0024899709353410813,0.00414682720766682,0.0,1.9495816627801869e-19,0.0,0.0,0.0,0.0,0.0,0.0,0.0,0.0,0.0,0.0,0.0,0.0,0.0,0.0,0.0,0.0,0.0,0.0
rate_i,rate_i-7188a18c85,"rate_i|atc_rat_pit_d=0.008,atc_rat_pit_i=0.018,atc_rat_pit_p=0.075",full,0.075,0.018,0.008,,,,,4,4,0,True,unbounded growth,1000000000.0,18,,3.4999999999999476,11.352071641010777,14.688815498100354,13.499514362538626,4.349466685415533,0.0,1.0,5.441348052638461,7.501774230595599,7.298248009199303,8.720786349593844,2.629173090500104,4.595633752428756,13.310428670706045,1.7776880878478492,1.829062503359855,1.4041847461553971,1.4077300469576364,0.5,0.0,3.049999999999957,2.315164169370641,1.0035505364154464,0.33009474142120565,0.5984448462705378,0.0,0.0,0.0,0.015924199321992093,0.0035680813993818157,0.005956799257453597,0.0,2.3130525391437217e-19,0.0,0.0,0.0,0.0,0.0,0.0,0.0,0.0,0.0,0.0,0.0,0.0,0.0,0.0,0.0,0.0,0.0,0.0
rate_i,rate_i-d0efc14594,"rate_i|atc_rat_pit_d=0.008,atc_rat_pit_i=0.028,atc_rat_pit_p=0.075",full,0.075,0.028,0.008,,,,,4,4,0,True,unbounded growth,1000000000.0,19,,3.4999999999999476,11.419382412011277,14.726480645178562,13.341626264757924,9.181042005880471,0.0,1.0,5.457986347681184,7.4698309391360045,8.017080690388212,8.546097842097769,2.632537456514679,5.317830799632239,13.71544161978119,1.7600403791975079,1.8397507378917553,1.4203039683587677,1.4238483426911688,0.5,0.0,3.049999999999957,2.348105893478793,0.9955201676252872,0.35010814220255654,0.6141701468990443,0.0,0.0,0.0,0.016888414907259154,0.005238315412921436,0.008705008619884606,0.0,2.31978660801849e-19,0.0,0.0,0.0,0.0,0.0,0.0,0.0,0.0,0.0,0.0,0.0,0.0,0.0,0.0,0.0,0.0,0.0,0.0
rate_i,rate_i-ab7079a92b,"rate_i|atc_rat_pit_d=0.008,atc_rat_pit_i=0.03,atc_rat_pit_p=0.075",full,0.075,0.03,0.008,,,,,4,4,0,True,unbounded growth,1000000000.0,20,,3.4999999999999476,11.442228445652164,14.744925945068946,13.347600444814837,9.822945783249924,0.0,1.0,5.46120617269139,7.465031967226073,8.118256997764915,8.496687691584132,2.629342561186371,5.415812211680634,13.758681063778528,1.7573943966004661,1.8414317478040414,1.4228060720398747,1.4263503159617845,0.5,0.0,3.049999999999957,2.3539284762804695,0.9941868313038198,0.35445030070601263,0.6162397126873297,0.0,0.0,0.0,0.017097675546298773,0.005560633156120454,0.009216569916579005,0.0,2.0257556369370305e-19,0.0,0.0,0.0,0.0,0.0,0.0,0.0,0.0,0.0,0.0,0.0,0.0,0.0,0.0,0.0,0.0,0.0,0.0
rate_i,rate_i-693a3aa913,"rate_i|atc_rat_pit_d=0.008,atc_rat_pit_i=0.02,atc_rat_pit_p=0.075",full,0.075,0.02,0.008,,,,,4,4,0,True,unbounded growth,1000000000.0,21,,3.4999999999999476,11.367138142666908,14.739812875203096,13.509850879345372,4.952444026645849,0.0,1.0,5.440377443649104,7.487450229983082,7.401936189213237,8.750939464498039,2.6245824347329965,4.694731276675583,13.34855893244205,1.7735204090266217,1.8315939886510644,1.40783595493788,1.4113809845926832,0.5,0.0,3.049999999999957,2.322439641019861,1.0016560002249808,0.33369905635070685,0.5999464468236085,0.0,0.0,0.0,0.016097793867985665,0.003911916861053016,0.006526632923457324,0.0,1.725878658279231e-19,0.0,0.0,0.0,0.0,0.0,0.0,0.0,0.0,0.0,0.0,0.0,0.0,0.0,0.0,0.0,0.0,0.0,0.0
rate_i,rate_i-4be01b94bf,"rate_i|atc_rat_pit_d=0.008,atc_rat_pit_i=0.022,atc_rat_pit_p=0.075",full,0.075,0.022,0.008,,,,,4,4,0,True,unbounded growth,1000000000.0,22,,3.4999999999999476,11.424567615064028,14.845118317197088,13.570855310125577,5.586952605197112,0.0,1.0,5.445295465007086,7.481523824745793,7.516961957281988,8.774061091911971,2.6324498883202194,4.817624498331557,13.431930737600638,1.7697622045153494,1.8351113033623814,1.4124145664850791,1.4159594200521344,0.5,0.0,3.049999999999957,2.3302306037228617,1.0000336103304883,0.33861128577974,0.6049139356935536,0.0,0.0,0.0,0.01633484809045445,0.004254729758840463,0.007093735203954989,0.0,2.1447498914058745e-19,0.0,0.0,0.0,0.0,0.0,0.0,0.0,0.0,0.0,0.0,0.0,0.0,0.0,0.0,0.0,0.0,0.0,0.0
rate_i,rate_i-969e1ee211,"rate_i|atc_rat_pit_d=0.008,atc_rat_pit_i=0.014,atc_rat_pit_p=0.075",full,0.075,0.014,0.008,,,,,4,4,0,True,unbounded growth,1000000000.0,23,,3.4999999999999476,11.40813710871711,14.813571224571561,13.896910206531953,1.1846354117727336,0.0,1.0,5.441189676104181,7.531482258655778,6.869653060393635,8.571026116308289,2.624157995953871,4.162023709076855,13.056550836277463,1.7870832180953122,1.8239138602938323,1.3960418503218082,1.399588028842616,0.5,0.0,3.0299999999999576,2.2998406603142967,1.007643311310231,0.3248660533976406,0.5932304446553317,0.0,0.0,0.0,0.015672600136300664,0.002858967292820745,0.004766284650904169,0.0,2.1396723022571518e-19,0.0,0.0,0.0,0.0,0.0,0.0,0.0,0.0,0.0,0.0,0.0,0.0,0.0,0.0,0.0,0.0,0.0,0.0
rate_i,rate_i-95cee15d34,"rate_i|atc_rat_pit_d=0.008,atc_rat_pit_i=0.024,atc_rat_pit_p=0.075",full,0.075,0.024,0.008,,,,,4,4,0,True,unbounded growth,1000000000.0,24,,3.4999999999999476,11.461574049306211,14.9167759103231,13.603942984104364,6.178592654273865,0.0,1.0,5.447746761005559,7.473614301807956,7.622531556626084,8.76805477089491,2.6335176142530545,4.924261823608487,13.477250053757956,1.7662581404848277,1.8378716050506072,1.4161350939815895,1.4196797753088157,0.5,0.0,3.049999999999957,2.337353049736693,0.9984234460366199,0.3430658594337326,0.60940166145055,0.0,0.0,0.0,0.016549683011789714,0.004590610063720531,0.0076412933241356345,0.0,2.5036487642669726e-19,0.0,0.0,0.0,0.0,0.0,0.0,0.0,0.0,0.0,0.0,0.0,0.0,0.0,0.0,0.0,0.0,0.0,0.0
rate_i,rate_i-842fa78b1e,"rate_i|atc_rat_pit_d=0.008,atc_rat_pit_i=0.008,atc_rat_pit_p=0.0725",full,0.0725,0.008,0.008,,,,,4,4,0,True,unbounded growth,1000000000.0,25,,3.4999999999999476,11.680958834196577,15.187909886087404,14.759155631409165,4.863020286281999,0.0,0.5,5.4818780161747975,7.695116171988939,6.1237426678116185,8.104823659253022,2.6959901890355327,3.4879455095764995,12.590348379222196,1.814829642639063,1.8114492746819368,1.3747510960483436,1.379208448342503,0.0,0.5,3.049999999999957,2.2851104815347925,1.0197803281276552,0.31429208183630386,0.580661407860785,0.0,0.0,0.0,0.0151645831142108,0.0017795465168845299,0.002948170997137377,0.0,1.661238664955075e-19,0.0,0.0,0.0,0.0,0.0,0.0,0.0,0.0,0.0,0.0,0.0,0.0,0.0,0.0,0.0,0.0,0.0,0.0
rate_i,rate_i-1f603477e8,"rate_i|atc_rat_pit_d=0.008,atc_rat_pit_i=0.01,atc_rat_pit_p=0.0725",full,0.0725,0.01,0.008,,,,,4,4,0,True,unbounded growth,1000000000.0,26,,3.4999999999999476,11.735079771071575,15.422886200522779,14.956193920648932,4.437741408360939,0.0,0.5,5.480856093446659,7.680488946710582,6.232964617000303,8.227308347479598,2.698974571639937,3.6001518413695885,12.712833067448772,1.808528065001812,1.8164463031686373,1.3810774202495801,1.3850995205413974,0.0,0.5,3.049999999999957,2.2744870282790175,1.0170240302030296,0.3178979352228576,0.5843559583218955,0.0,0.0,0.0,0.015338579172414619,0.0021819109262175727,0.003623109688838887,0.0,2.1266467925513376e-19,0.0,0.0,0.0,0.0,0.0,0.0,0.0,0.0,0.0,0.0,0.0,0.0,0.0,0.0,0.0,0.0,0.0,0.0
rate_i,rate_i-0ef4879f54,"rate_i|atc_rat_pit_d=0.008,atc_rat_pit_i=0.014,atc_rat_pit_p=0.0725",full,0.0725,0.014,0.008,,,,,4,4,0,True,unbounded growth,1000000000.0,27,,3.4999999999999476,11.709000118130675,15.472243094025181,14.725442642590465,1.5051226575271033,0.0,0.5,5.475574047178022,7.639206787338848,6.638295881695854,8.826402839864347,2.70479824938421,4.011306783809413,13.31192755983352,1.7969347094200547,1.8246693689593059,1.3925501806089218,1.3961283270883915,0.5,0.5,3.049999999999957,2.2887939672542106,1.012033592668864,0.3224722386236537,0.5914924820570144,0.0,0.0,0.0,0.015558963632383228,0.002949397411164034,0.0049150112477404214,0.0,1.7286140491225705e-19,0.0,0.0,0.0,0.0,0.0,0.0,0.0,0.0,0.0,0.0,0.0,0.0,0.0,0.0,0.0,0.0,0.0,0.0
rate_i,rate_i-8e628c1fd0,"rate_i|atc_rat_pit_d=0.008,atc_rat_pit_i=0.016,atc_rat_pit_p=0.0725",full,0.0725,0.016,0.008,,,,,4,4,0,True,unbounded growth,1000000000.0,28,,3.4999999999999476,11.742695178042911,15.596519051915259,14.762984974153376,0.8713573489852571,0.0,0.5,5.47471338454621,7.62317343895438,6.760108456564946,8.905334249732949,2.706890539756256,4.13521164905055,13.390858969702125,1.791633292258801,1.8287068000921245,1.398086651001995,1.4016343948431755,0.5,0.0,3.0399999999999574,2.2980034237924785,1.0097333821029633,0.32620771100718304,0.5924145274713304,0.0,0.0,0.0,0.015739103344172712,0.003317346032984884,0.005532924543550283,0.0,2.185387268243164e-19,0.0,0.0,0.0,0.0,0.0,0.0,0.0,0.0,0.0,0.0,0.0,0.0,0.0,0.0,0.0,0.0,0.0,0.0
rate_i,rate_i-edbd9e51b0,"rate_i|atc_rat_pit_d=0.008,atc_rat_pit_i=0.024,atc_rat_pit_p=0.0725",full,0.0725,0.024,0.008,,,,,4,4,0,True,unbounded growth,1000000000.0,29,,3.4999999999999476,11.765368474000292,15.672520079911653,14.410120376267674,4.48486502691659,0.0,1.0,5.4753848378469785,7.566851831771505,7.408913979249136,9.233179055763259,2.7119719023140942,4.789098534292578,13.802397722801533,1.7737859540705403,1.8410951984139206,1.4160210449206267,1.4195663798562768,0.5,0.0,3.049999999999957,2.329860498201977,1.0019163934110578,0.34048294165329485,0.6076292157219818,0.0,0.0,0.0,0.01642707191329009,0.004713914711459634,0.007855371947548375,0.0,1.960569040289438e-19,0.0,0.0,0.0,0.0,0.0,0.0,0.0,0.0,0.0,0.0,0.0,0.0,0.0,0.0,0.0,0.0,0.0,0.0
rate_i,rate_i-24db2ff1e8,"rate_i|atc_rat_pit_d=0.008,atc_rat_pit_i=0.028,atc_rat_pit_p=0.0725",full,0.0725,0.028,0.008,,,,,4,4,0,True,unbounded growth,1000000000.0,30,,3.4999999999999476,11.789114243986424,15.70823010334783,14.351817062099766,5.993205092716373,0.0,1.0,5.475757946772835,7.5424762946905854,7.648919494534868,9.234253595871571,2.705673515487778,5.022805662751994,13.901626621636249,1.766621181456425,1.845753237553947,1.4228864909797088,1.4264314189780483,0.5,0.0,3.049999999999957,2.343730119426666,0.998578027613485,0.34854575962652157,0.6120351734927194,0.0,0.0,0.0,0.01681557515624712,0.005378198142826641,0.00892539542182495,0.0,2.3652290008323615e-19,0.0,0.0,0.0,0.0,0.0,0.0,0.0,0.0,0.0,0.0,0.0,0.0,0.0,0.0,0.0,0.0,0.0,0.0
rate_i,rate_i-d2a6ee21ef,"rate_i|atc_rat_pit_d=0.008,atc_rat_pit_i=0.026,atc_rat_pit_p=0.0725",full,0.0725,0.026,0.008,,,,,4,4,0,True,unbounded growth,1000000000.0,31,,3.4999999999999476,11.78697660065864,15.711035037698075,14.400074485562797,5.178609183820623,0.0,1.0,5.476220623701759,7.555251752112465,7.524683280391539,9.23643407411226,2.7108398524659685,4.903735785586856,13.850526240340495,1.7701429882696222,1.843725756979306,1.4197628240648188,1.4233079497516212,0.5,0.0,3.049999999999957,2.3369882400882624,1.0002571163474334,0.3446897407157865,0.6095351715489491,0.0,0.0,0.0,0.01662984735174177,0.005050462065575594,0.008401560504146931,0.0,2.520022314665602e-19,0.0,0.0,0.0,0.0,0.0,0.0,0.0,0.0,0.0,0.0,0.0,0.0,0.0,0.0,0.0,0.0,0.0,0.0
rate_i,rate_i-beaa9a96f6,"rate_i|atc_rat_pit_d=0.008,atc_rat_pit_i=0.012,atc_rat_pit_p=0.0725",full,0.0725,0.012,0.008,,,,,4,4,0,True,unbounded growth,1000000000.0,32,,3.4999999999999476,11.80452641767046,15.65260450372758,15.142143351129175,4.000966972250037,0.0,0.5,5.481615176551283,7.664624403718282,6.348956230649731,8.325685495958275,2.703271244248965,3.720440127628045,12.81121021592745,1.8022056134858462,1.8219528122702955,1.3881559763077236,1.3918623434237336,0.5,0.5,3.049999999999957,2.280705404274673,1.0143538661418885,0.3221188795311319,0.5885613000832088,0.0,0.0,0.0,0.015542322194416772,0.0025696751306947966,0.004276410120515309,0.0,1.9727525929292213e-19,0.0,0.0,0.0,0.0,0.0,0.0,0.0,0.0,0.0,0.0,0.0,0.0,0.0,0.0,0.0,0.0,0.0,0.0
rate_i,rate_i-520c31933c,"rate_i|atc_rat_pit_d=0.008,atc_rat_pit_i=0.03,atc_rat_pit_p=0.0725",full,0.0725,0.03,0.008,,,,,4,4,0,True,unbounded growth,1000000000.0,33,,3.4999999999999476,11.831134066475471,15.75266179644515,14.365564955838192,6.582851846458302,0.0,1.0,5.4795058521214,7.534162054935873,7.748766523732663,9.258618000382704,2.708517938875872,5.125497115337884,13.9425534266896,1.7638002663430334,1.8485011856629696,1.4266167510467784,1.4301615538067676,0.5,0.0,3.049999999999957,2.3503949392470136,0.9973045428619285,0.3534849378388563,0.6159152757026509,0.0,0.0,0.0,0.01705377472868224,0.005715834283845693,0.009463213961362568,0.0,2.2828278673468597e-19,0.0,0.0,0.0,0.0,0.0,0.0,0.0,0.0,0.0,0.0,0.0,0.0,0.0,0.0,0.0,0.0,0.0,0.0
rate_i,rate_i-7d9268bbf2,"rate_i|atc_rat_pit_d=0.008,atc_rat_pit_i=0.018,atc_rat_pit_p=0.0725",full,0.0725,0.018,0.008,,,,,4,4,0,True,unbounded growth,1000000000.0,34,,3.4999999999999476,11.784775336636395,15.723528466725842,14.787615415056376,0.8574535762223727,0.0,1.0,5.475149293457373,7.608595856569195,6.894786701998956,8.993043624829934,2.7102054055674634,4.2732047602957675,13.478568344799108,1.7863687990828756,1.8329731640759204,1.4038526098140125,1.4073990393336686,0.5,0.0,3.0349999999999575,2.3075376614531167,1.007458347020216,0.3303786593093996,0.5971766668578018,0.0,0.0,0.0,0.015940389052768303,0.003674082945680978,0.0061299502773030715,0.0,1.8635398700312658e-19,0.0,0.0,0.0,0.0,0.0,0.0,0.0,0.0,0.0,0.0,0.0,0.0,0.0,0.0,0.0,0.0,0.0,0.0
rate_i,rate_i-7c27ccf0c3,"rate_i|atc_rat_pit_d=0.008,atc_rat_pit_i=0.02,atc_rat_pit_p=0.0725",full,0.0725,0.02,0.008,,,,,4,4,0,True,unbounded growth,1000000000.0,35,,3.4999999999999476,11.821896088884829,15.828503196327901,14.824285543217428,1.4022811549806937,0.0,1.0,5.475031106909002,7.595041415844815,6.998016229952428,9.07142839391647,2.7114487174625514,4.377677600144327,13.556953113885644,1.7819950970308012,1.836437009892863,1.408547861220639,1.4120937978766155,0.5,0.0,3.0299999999999576,2.31559027794222,1.005539966664368,0.3345480313803557,0.600610188754423,0.0,0.0,0.0,0.01614143536796363,0.004029726736939214,0.00672059872949644,0.0,2.3703431239807817e-19,0.0,0.0,0.0,0.0,0.0,0.0,0.0,0.0,0.0,0.0,0.0,0.0,0.0,0.0,0.0,0.0,0.0,0.0
rate_i,rate_i-3c8184917f,"rate_i|atc_rat_pit_d=0.008,atc_rat_pit_i=0.022,atc_rat_pit_p=0.0725",full,0.0725,0.022,0.008,,,,,4,4,0,True,unbounded growth,1000000000.0,36,,3.4999999999999476,11.843353627201006,15.899233192295885,14.829361097743593,1.9323856624644389,0.0,1.0,5.4730975794636185,7.578688279288887,7.099391226424758,9.094559342418954,2.706596761757394,4.4742006409115,13.580084062388128,1.777705097809222,1.8394010576321729,1.4127089664503776,1.4162545419169796,0.5,0.0,3.049999999999957,2.323359212701495,1.003597987718163,0.33844998270375165,0.6040526925092021,0.0,0.0,0.0,0.01632947640196197,0.004375693405087621,0.007288775270824024,0.0,2.0707360663209283e-19,0.0,0.0,0.0,0.0,0.0,0.0,0.0,0.0,0.0,0.0,0.0,0.0,0.0,0.0,0.0,0.0,0.0,0.0
rate_i,rate_i-ecedc5f7ad,"rate_i|atc_rat_pit_d=0.008,atc_rat_pit_i=0.008,atc_rat_pit_p=0.07",full,0.07,0.008,0.008,,,,,4,4,0,True,unbounded growth,1000000000.0,37,,3.4999999999999476,12.110888793882285,16.045414472133153,15.737874342061424,8.409010534691442,0.0,0.5,5.527761775257351,7.82140755696229,5.9709869849880635,7.724159395346877,2.7795033174328343,3.1440457022019697,12.209684115316051,1.8267239270882458,1.8105992783037,1.3693590526848356,1.3751247201757515,0.0,0.5,3.049999999999957,2.2993177697238214,1.025084933217859,0.3155784272018274,0.5788646071934017,0.0,0.0,0.0,0.015228813718126932,0.0018438791536409664,0.0030501392791882874,0.0,2.0983749606182448e-19,0.0,0.0,0.0,0.0,0.0,0.0,0.0,0.0,0.0,0.0,0.0,0.0,0.0,0.0,0.0,0.0,0.0,0.0
rate_i,rate_i-87ea245771,"rate_i|atc_rat_pit_d=0.008,atc_rat_pit_i=0.012,atc_rat_pit_p=0.07",full,0.07,0.012,0.008,,,,,4,4,0,True,unbounded growth,1000000000.0,38,,3.4999999999999476,12.12421662592649,16.295655877224483,15.872246927442102,5.835648840952972,0.0,0.5,5.52098258540205,7.78085978591923,6.085656867647283,8.48717153275416,2.789323978982606,3.543193499359238,12.972696252723335,1.8132714198697768,1.821236417137059,1.382955171152039,1.3873518496890496,0.0,0.5,3.049999999999957,2.2766605300144094,1.0192389666016006,0.32005412282560314,0.5878121812821089,0.0,0.0,0.0,0.01544471716364584,0.0026569335882822833,0.0044169192434088955,0.0,1.9922720687310167e-19,0.0,0.0,0.0,0.0,0.0,0.0,0.0,0.0,0.0,0.0,0.0,0.0,0.0,0.0,0.0,0.0,0.0,0.0
rate_i,rate_i-c55f03dd99,"rate_i|atc_rat_pit_d=0.008,atc_rat_pit_i=0.01,atc_rat_pit_p=0.07",full,0.07,0.01,0.008,,,,,4,4,0,True,unbounded growth,1000000000.0,39,,3.4999999999999476,12.1760243993906,16.337673235765287,16.019844158251633,7.975450479261548,0.0,0.5,5.526225405250494,7.80543353797839,5.848707331040555,7.87757326208698,2.782026204743613,3.2688482434602566,12.363097982056154,1.8194812425373812,1.8165544087270753,1.3767138373008703,1.3816713564161192,0.0,0.5,3.049999999999957,2.2870308370229986,1.0219199080447676,0.3193179689850325,0.5832442244710291,0.0,0.0,0.0,0.01540932606027184,0.0022553362272316043,0.0037408599199485666,0.0,2.1801318216221417e-19,0.0,0.0,0.0,0.0,0.0,0.0,0.0,0.0,0.0,0.0,0.0,0.0,0.0,0.0,0.0,0.0,0.0,0.0
rate_i,rate_i-e386e0e35f,"rate_i|atc_rat_pit_d=0.008,atc_rat_pit_i=0.014,atc_rat_pit_p=0.07",full,0.07,0.014,0.008,,,,,4,4,0,True,unbounded growth,1000000000.0,40,,3.4999999999999476,12.164318531726781,16.467596220395357,16.008968069249157,5.315352852046429,0.0,0.5,5.518753061484751,7.76211984932209,6.204796338466397,8.585341104159586,2.789594781273437,3.6626037724691836,13.07086582412876,1.8072144484011736,1.826038608378703,1.3892542054255064,1.3932280306629354,0.5,0.5,3.049999999999957,2.2777386591073916,1.016630059978943,0.3236335856277215,0.5876654037838521,0.0,0.0,0.0,0.01561728137120134,0.003045029761186057,0.005070388696421839,0.0,2.146011266113218e-19,0.0,0.0,0.0,0.0,0.0,0.0,0.0,0.0,0.0,0.0,0.0,0.0,0.0,0.0,0.0,0.0,0.0,0.0
rate_i,rate_i-f5ff2eb904,"rate_i|atc_rat_pit_d=0.008,atc_rat_pit_i=0.02,atc_rat_pit_p=0.07",full,0.07,0.02,0.008,,,,,4,4,0,True,unbounded growth,1000000000.0,41,,3.4999999999999476,12.195682897132563,16.680670559214736,15.903498001849009,1.8641140436995762,0.0,0.5,5.512932826286316,7.709639461125294,6.7154516870321315,9.326694503008657,2.797427656846117,4.181091996607597,13.812219222977832,1.7912248301059048,1.8384852004960908,1.4062230907969806,1.4097711231221117,0.5,0.0,3.049999999999957,2.305761155733427,1.0096956681380558,0.33346838718032035,0.6011723431319124,0.0,0.0,0.0,0.016091607979301304,0.004151015040516532,0.0069255007150596775,0.0,2.1654187829103372e-19,0.0,0.0,0.0,0.0,0.0,0.0,0.0,0.0,0.0,0.0,0.0,0.0,0.0,0.0,0.0,0.0,0.0,0.0
rate_i,rate_i-16efd0625a,"rate_i|atc_rat_pit_d=0.008,atc_rat_pit_i=0.016,atc_rat_pit_p=0.07",full,0.07,0.016,0.008,,,,,4,4,0,True,unbounded growth,1000000000.0,42,,3.4999999999999476,12.220288882386283,16.664978369572985,16.16516855202653,4.8301249519345015,0.0,0.5,5.517999919058618,7.747459992201273,6.316728902507298,8.7052900441521,2.7924403509753772,3.7773819062120237,13.190814764121274,1.801546497291638,1.830830243867458,1.3954286510857046,1.39913982410887,0.5,0.5,3.049999999999957,2.2877780535225702,1.0141754554737503,0.3278522880640603,0.5919669967088949,0.0,0.0,0.0,0.01582086367220169,0.0034228878753099347,0.00570553117804783,0.0,1.9909785509490691e-19,0.0,0.0,0.0,0.0,0.0,0.0,0.0,0.0,0.0,0.0,0.0,0.0,0.0,0.0,0.0,0.0,0.0,0.0
rate_i,rate_i-c7e551f792,"rate_i|atc_rat_pit_d=0.008,atc_rat_pit_i=0.022,atc_rat_pit_p=0.07",full,0.07,0.022,0.008,,,,,4,4,0,True,unbounded growth,1000000000.0,43,,3.4999999999999476,12.204868829347111,16.732379143880618,15.856993013172918,1.0787666114039207,0.0,0.5,5.510102401061752,7.690846682212637,6.845870166363851,9.414752513574186,2.7954516109158125,4.309534430009013,13.90027723354336,1.7864690761261188,1.841811080474864,1.411015780256774,1.4145625273514857,0.5,0.0,3.0449999999999573,2.314145737230224,1.0075892621016682,0.3370813432034264,0.6032430069680742,0.0,0.0,0.0,0.016265697751264706,0.00450304160487168,0.007507876153948231,0.0,2.1726129870374154e-19,0.0,0.0,0.0,0.0,0.0,0.0,0.0,0.0,0.0,0.0,0.0,0.0,0.0,0.0,0.0,0.0,0.0,0.0
rate_i,rate_i-0c3e2a94fa,"rate_i|atc_rat_pit_d=0.008,atc_rat_pit_i=0.024,atc_rat_pit_p=0.07",full,0.07,0.024,0.008,,,,,4,4,0,True,unbounded growth,1000000000.0,44,,3.4999999999999476,12.234898314063939,16.81537699303894,15.842285140197436,0.6344484171865983,0.0,1.0,5.509822621993364,7.677759747707837,6.967971672051067,9.503592749249155,2.7974246893709767,4.433609014151392,13.98911746921833,1.7822552244524454,1.8452714921109843,1.4157410707022218,1.4192873286617549,0.5,0.0,3.0399999999999574,2.3221631596650973,1.005725586848997,0.3413958048314787,0.606413802029233,0.0,0.0,0.0,0.016473810824678182,0.004853586767700112,0.00808359436111784,0.0,2.132054489795675e-19,0.0,0.0,0.0,0.0,0.0,0.0,0.0,0.0,0.0,0.0,0.0,0.0,0.0,0.0,0.0,0.0,0.0,0.0
rate_i,rate_i-f9306765b0,"rate_i|atc_rat_pit_d=0.008,atc_rat_pit_i=0.03,atc_rat_pit_p=0.07",full,0.07,0.03,0.008,,,,,4,4,0,True,unbounded growth,1000000000.0,45,,3.4999999999999476,12.286020570606814,16.90102592298649,15.68008886354286,2.875280082610205,0.0,1.0,5.507387121387555,7.629071937057613,7.335935633130334,9.664131136045661,2.7914624862769197,4.795610772136602,14.151372611249224,1.770670555091214,1.8542442787368718,1.4285561881283528,1.4321016175005976,0.5,0.0,3.049999999999957,2.3452223287694047,1.000521076125799,0.3542257322759445,0.6169457279292468,0.0,0.0,0.0,0.01709227851159962,0.0058715390639336815,0.009713804672379863,0.0,2.408133730800539e-19,0.0,0.0,0.0,0.0,0.0,0.0,0.0,0.0,0.0,0.0,0.0,0.0,0.0,0.0,0.0,0.0,0.0,0.0
rate_i,rate_i-b49c2ab576,"rate_i|atc_rat_pit_d=0.008,atc_rat_pit_i=0.018,atc_rat_pit_p=0.07",full,0.07,0.018,0.008,,,,,4,4,0,True,unbounded growth,1000000000.0,46,,3.4999999999999476,12.265940760267853,16.831497217608298,16.283654726349816,4.314955986974899,0.0,0.5,5.516469978194844,7.733065079026007,6.424270727379869,8.833954074372024,2.793808159192565,3.8862915393017836,13.319478794341197,1.7963590730260048,1.835033673588828,1.4009395671583607,1.404520310355438,0.5,0.5,3.049999999999957,2.2969755847854434,1.0118883050180827,0.33201990181221763,0.5964409690263269,0.0,0.0,0.0,0.01602193357840305,0.003792764246853618,0.006323606164244109,0.0,2.2372760791740734e-19,0.0,0.0,0.0,0.0,0.0,0.0,0.0,0.0,0.0,0.0,0.0,0.0,0.0,0.0,0.0,0.0,0.0,0.0
rate_i,rate_i-9d2f6c191f,"rate_i|atc_rat_pit_d=0.008,atc_rat_pit_i=0.026,atc_rat_pit_p=0.07",full,0.07,0.026,0.008,,,,,4,4,0,True,unbounded growth,1000000000.0,47,,3.4999999999999476,12.272629914591798,16.882553640024202,15.818493138011213,1.3708317622608226,0.0,1.0,5.511133792750035,7.663599061263188,7.094740495810834,9.583282945703466,2.8014690363503756,4.5644221848905575,14.06880766567264,1.7781638193484188,1.8490067032991253,1.4208534062818077,1.4243993388019098,0.5,0.0,3.0349999999999575,2.330488936863611,1.0039772657277675,0.3460668121452616,0.6099152116026932,0.0,0.0,0.0,0.0166991483968469,0.005199853190872339,0.008648367269950656,0.0,2.3983025414681455e-19,0.0,0.0,0.0,0.0,0.0,0.0,0.0,0.0,0.0,0.0,0.0,0.0,0.0,0.0,0.0,0.0,0.0,0.0
rate_i,rate_i-a887bcc8d1,"rate_i|atc_rat_pit_d=0.008,atc_rat_pit_i=0.028,atc_rat_pit_p=0.07",full,0.07,0.028,0.008,,,,,4,4,0,True,unbounded growth,1000000000.0,48,,3.4999999999999476,12.277009912745326,16.899004451032102,15.754467101142815,2.097110127157681,0.0,1.0,5.508416760240594,7.645598535436314,7.212825828247023,9.625980657423074,2.7950117326045283,4.6760502135809,14.11150537739225,1.774242560547759,1.8516028598597791,1.4246850935997741,1.4282307358472472,0.5,0.0,3.049999999999957,2.337928797130694,1.0021614459350174,0.3500178638580851,0.6134255589921859,0.0,0.0,0.0,0.016889500331906122,0.005536161305970336,0.009184386425566871,0.0,2.431733580745768e-19,0.0,0.0,0.0,0.0,0.0,0.0,0.0,0.0,0.0,0.0,0.0,0.0,0.0,0.0,0.0,0.0,0.0,0.0
