stage,candidate_id,candidate_key,search_phase,atc_rat_pit_p,atc_rat_pit_i,atc_rat_pit_d,atc_ang_pit_p,psc_ne_pos_p,psc_ne_vel_p,moving_mass_assist_gain_m_per_Nm,scenario_count,primary_scenario_count,missing_scenario_count,rejected,rejection_reasons,normalized_score,rank,selection_label,duration_s,rms_rate_error_deg_s,tail_rms_rate_error_deg_s,tail_mean_abs_rate_error_deg_s,rate_overshoot_deg_s,rate_zero_crossings,rms_theta_deg,tail_rms_theta_deg,theta_overshoot_deg,tail_peak_to_peak_theta_deg,max_omega_deg_s,tail_rms_x_m,tail_rms_vx_m_s,tail_peak_to_peak_x_m,tail_path_length_m,x_error_zero_crossings,oscillation_peak_count,settling_time_s,final_abs_x_error_m,rms_x_error_m,vane_command_rms_deg,vane_command_max_deg,vane_angle_saturation_percent,servo_rate_saturation_percent,mixer_saturation_percent,control_effort_rms_Nm,integrator_rms_Nm,integrator_max_abs_Nm,integrator_inhibition_percent,anti_windup_rms_Nm,moving_mass_max_offset_m,moving_mass_saturation_percent,moving_mass_tracking_rms_m,moving_mass_target_reversals,moving_mass_actual_reversals,baseline_rms_theta_deg,baseline_rms_x_error_m,baseline_final_abs_x_error_m,baseline_tail_path_length_m,baseline_vane_command_rms_deg,rms_theta_improvement_deg,rms_theta_ratio,rms_x_change_m,rms_x_ratio,final_x_ratio,tail_path_ratio,vane_command_rms_ratio,left_right_symmetry_error
loiter_xy,loiter_xy-2bf8648b07,"loiter_xy|atc_ang_pit_p=9.5,atc_rat_pit_d=0.00775,atc_rat_pit_i=0,atc_rat_pit_p=0.0425,psc_ne_pos_p=0.4,psc_ne_vel_p=0.6",full,0.0425,0.0,0.00775,9.5,0.4,0.6,,9,7,0,False,,1.897191254486646,1,best aggregate,7.999999999999852,28.042652275131054,29.81024455870776,26.723272030476554,14.77042586612131,4.0,3.1674169679984194,3.352452662989465,0.0,9.155819142575313,11.753596167002854,0.16220699186900558,0.31323270057712976,0.3690720593987912,0.5641126753222065,2.857142857142857,6.285714285714286,6.8621428571427305,0.16418222252440667,0.4801700672627147,0.46915036512525166,1.056494735897186,0.0,0.0,0.0,0.022673659508111354,0.0,0.0,0.0,1.920142575302464e-19,0.0,0.0,0.0,0.0,0.0,0.0,0.0,0.0,0.0,0.0,0.0,0.0,0.0,0.0,0.0,0.0,0.0,0.0
loiter_xy,loiter_xy-564a4538fd,"loiter_xy|atc_ang_pit_p=9.5,atc_rat_pit_d=0.00775,atc_rat_pit_i=0,atc_rat_pit_p=0.0425,psc_ne_pos_p=0.4,psc_ne_vel_p=0.8",full,0.0425,0.0,0.00775,9.5,0.4,0.8,,9,7,0,False,,1.940626577745089,2,,7.999999999999852,32.97685340690159,35.427351766541236,31.716330987593032,16.72204928477197,4.571428571428571,3.8048800422743483,3.9906007237450916,0.0,11.081450671856276,14.999659188623635,0.16063456338009346,0.30534853461208283,0.33319075401226506,0.5534580995014107,2.0,4.0,6.8621428571427305,0.24044654497605317,0.4097686338487202,0.565545039314912,1.624909140148464,0.0,0.0,0.0,0.027372947985613162,0.0,0.0,0.0,3.9480051148516825e-19,0.0,0.0,0.0,0.0,0.0,0.0,0.0,0.0,0.0,0.0,0.0,0.0,0.0,0.0,0.0,0.0,0.0,0.0
loiter_xy,loiter_xy-03daadfce5,"loiter_xy|atc_ang_pit_p=9.5,atc_rat_pit_d=0.00775,atc_rat_pit_i=0,atc_rat_pit_p=0.0425,psc_ne_pos_p=0.3,psc_ne_vel_p=0.8",full,0.0425,0.0,0.00775,9.5,0.3,0.8,,9,7,0,False,,1.9559863708595608,3,,7.999999999999852,32.19709670749829,34.23994127922162,30.652413593140757,16.421561705692092,4.571428571428571,3.6262386337252996,3.803142230753761,0.0,10.28079411296579,14.48803784275077,0.18792478447230726,0.3135445286587831,0.33059185158951515,0.5726221314865373,1.1428571428571428,1.4285714285714286,6.8621428571427305,0.1474525293473464,0.43178317159531876,0.5481664634665587,0.9670245547676872,0.0,0.0,0.0,0.026522201994261807,0.0,0.0,0.0,3.7248818997671705e-19,0.0,0.0,0.0,0.0,0.0,0.0,0.0,0.0,0.0,0.0,0.0,0.0,0.0,0.0,0.0,0.0,0.0,0.0
loiter_xy,loiter_xy-5bf1a546c4,"loiter_xy|atc_ang_pit_p=9.5,atc_rat_pit_d=0.00775,atc_rat_pit_i=0,atc_rat_pit_p=0.0425,psc_ne_pos_p=0.5,psc_ne_vel_p=0.8",full,0.0425,0.0,0.00775,9.5,0.5,0.8,,9,7,0,False,,1.9894286121012041,4,,7.999999999999852,33.28336042965509,34.63294827252364,30.995238176958104,16.83219258066591,4.571428571428571,3.9495079382075393,4.01451916133172,0.0,10.77244728868507,15.536632991486787,0.16411255683877604,0.329947671838946,0.3615898734515088,0.5994256368595553,2.857142857142857,2.5714285714285716,6.8621428571427305,0.12598052894527703,0.3936664360722228,0.5684494129791632,1.5943608410109864,0.0,0.0,0.0,0.027526253082515075,0.0,0.0,0.0,4.107007645447709e-19,0.0,0.0,0.0,0.0,0.0,0.0,0.0,0.0,0.0,0.0,0.0,0.0,0.0,0.0,0.0,0.0,0.0,0.0
loiter_xy,loiter_xy-be239034c4,"loiter_xy|atc_ang_pit_p=9.5,atc_rat_pit_d=0.00775,atc_rat_pit_i=0,atc_rat_pit_p=0.0425,psc_ne_pos_p=0.5,psc_ne_vel_p=0.6",full,0.0425,0.0,0.00775,9.5,0.5,0.6,,9,7,0,False,,2.008657224471688,5,,7.999999999999852,29.102609263549965,32.14024335755886,29.255127973364786,14.965355040304601,4.0,3.3965322180135415,3.601106878514,0.0,9.31424053727558,11.785019984277918,0.177547615693378,0.3230601102634497,0.4192250803882841,0.5763350087822801,2.857142857142857,5.142857142857143,6.8621428571427305,0.17558952906633987,0.454698379457417,0.4860108513416995,0.8351065917865507,0.0,0.0,0.0,0.02349970101929294,0.0,0.0,0.0,1.9143638398701296e-19,0.0,0.0,0.0,0.0,0.0,0.0,0.0,0.0,0.0,0.0,0.0,0.0,0.0,0.0,0.0,0.0,0.0,0.0
loiter_xy,loiter_xy-e7de5bee25,"loiter_xy|atc_ang_pit_p=9.5,atc_rat_pit_d=0.00775,atc_rat_pit_i=0,atc_rat_pit_p=0.0425,psc_ne_pos_p=0.4,psc_ne_vel_p=0.7",full,0.0425,0.0,0.00775,9.5,0.4,0.7,,9,7,0,False,,2.024315859007272,6,,7.999999999999852,30.891221716077233,33.80645381716293,30.663626918883363,15.777093700174891,4.285714285714286,3.5261693115483523,3.7144609573877583,0.0,10.071225853412205,13.671999120621509,0.19191602558442517,0.32813741484300646,0.3812214070097683,0.5922979543898566,2.5714285714285716,4.285714285714286,6.8621428571427305,0.14652735736510586,0.4447804760951148,0.520697496159278,1.6481408083898583,0.0,0.0,0.0,0.0251878314128636,0.0,0.0,0.0,2.4558883021121167e-19,0.0,0.0,0.0,0.0,0.0,0.0,0.0,0.0,0.0,0.0,0.0,0.0,0.0,0.0,0.0,0.0,0.0,0.0
loiter_xy,loiter_xy-b5eddba751,"loiter_xy|atc_ang_pit_p=9.5,atc_rat_pit_d=0.00775,atc_rat_pit_i=0,atc_rat_pit_p=0.0425,psc_ne_pos_p=0.5,psc_ne_vel_p=0.7",full,0.0425,0.0,0.00775,9.5,0.5,0.7,,9,7,0,False,,2.0542650297146716,7,,7.999999999999852,31.463004432533495,33.590716789059975,30.0958234281311,15.927594955022437,4.285714285714286,3.6990465150151377,3.8291521952922127,0.0,10.219905237854759,14.02678552296719,0.14536550830024678,0.3570159153627542,0.40828850177994935,0.6477996012271906,3.142857142857143,2.0,6.8621428571427305,0.14656354375652375,0.41930915955771153,0.5331143021354539,1.9260935311871548,0.0,0.0,0.0,0.02579851276715212,0.0,0.0,0.0,3.06552891332752e-19,0.0,0.0,0.0,0.0,0.0,0.0,0.0,0.0,0.0,0.0,0.0,0.0,0.0,0.0,0.0,0.0,0.0,0.0
loiter_xy,loiter_xy-629e558d4e,"loiter_xy|atc_ang_pit_p=9.5,atc_rat_pit_d=0.00775,atc_rat_pit_i=0,atc_rat_pit_p=0.0425,psc_ne_pos_p=0.3,psc_ne_vel_p=0.9",full,0.0425,0.0,0.00775,9.5,0.3,0.9,,9,7,0,False,,2.0717010541920353,8,,7.999999999999852,34.550066776439046,37.8560156916712,34.16053267583613,17.43522804156012,4.571428571428571,3.8924138090060927,4.185567039167749,0.0,11.580160533268883,16.24193949048216,0.19010084071268643,0.32121370065532406,0.38892429443322246,0.5836686360517367,2.0,3.142857142857143,6.8621428571427305,0.18557290262231513,0.413904372698041,0.5899835480424158,1.057614417051507,0.0,0.0,0.0,0.028566177241243045,0.0,0.0,0.0,4.347493500078134e-19,0.0,0.0,0.0,0.0,0.0,0.0,0.0,0.0,0.0,0.0,0.0,0.0,0.0,0.0,0.0,0.0,0.0,0.0
loiter_xy,loiter_xy-1f838756fd,"loiter_xy|atc_ang_pit_p=9.5,atc_rat_pit_d=0.00775,atc_rat_pit_i=0,atc_rat_pit_p=0.0425,psc_ne_pos_p=0.2,psc_ne_vel_p=0.9",full,0.0425,0.0,0.00775,9.5,0.2,0.9,,9,7,0,False,,2.081789373991841,9,,7.999999999999852,33.806664080700614,37.04037639439837,33.45939954166696,17.009909936776577,4.571428571428571,3.7167030493839053,4.0140869460593285,0.0,11.060398037987218,15.777098551077804,0.2367586115583172,0.3100964551966822,0.357962818558054,0.5646686630344113,2.0,3.142857142857143,6.8621428571427305,0.17686462408641046,0.4475642460659013,0.5771301598667126,1.0429948074379147,0.0,0.0,0.0,0.027932074202399442,0.0,0.0,0.0,4.223506781766862e-19,0.0,0.0,0.0,0.0,0.0,0.0,0.0,0.0,0.0,0.0,0.0,0.0,0.0,0.0,0.0,0.0,0.0,0.0
loiter_xy,loiter_xy-756e73d179,"loiter_xy|atc_ang_pit_p=9.5,atc_rat_pit_d=0.00775,atc_rat_pit_i=0,atc_rat_pit_p=0.0425,psc_ne_pos_p=0.6,psc_ne_vel_p=0.6",full,0.0425,0.0,0.00775,9.5,0.6,0.6,,9,7,0,False,,2.097053860718525,10,,7.999999999999852,29.61637134383498,32.643088501088,29.787254821685288,15.196906172411142,4.0,3.541700813259045,3.743559258984899,0.0,9.422261206016698,12.137320763117957,0.19104298629015062,0.34153549553164453,0.44267933879304866,0.6112532585262339,2.0,5.428571428571429,6.8621428571427305,0.13603511252113076,0.44835991452000784,0.49487918500049927,1.1797665384983687,0.0,0.0,0.0,0.0239360199806269,0.0,0.0,0.0,1.7996471159725545e-19,0.0,0.0,0.0,0.0,0.0,0.0,0.0,0.0,0.0,0.0,0.0,0.0,0.0,0.0,0.0,0.0,0.0,0.0
loiter_xy,loiter_xy-da54af719f,"loiter_xy|atc_ang_pit_p=9.5,atc_rat_pit_d=0.00775,atc_rat_pit_i=0,atc_rat_pit_p=0.0425,psc_ne_pos_p=0.3,psc_ne_vel_p=1",full,0.0425,0.0,0.00775,9.5,0.3,1.0,,9,7,0,False,,2.102191396559085,11,,7.999999999999852,37.166037469085445,41.97072389826263,38.771118468741975,18.419517283453626,4.571428571428571,4.202175806994545,4.610183033037564,0.0,12.332750022480187,17.994757985712614,0.1872355000735901,0.32249025679168736,0.40704093834037325,0.5651042648532674,2.0,8.857142857142858,6.8621428571427305,0.16850613177811752,0.3904288692441124,0.6351140505137166,1.1387582004583652,0.0,0.0,0.0,0.03078285804262002,0.0,0.0,0.0,4.794898809840439e-19,0.0,0.0,0.0,0.0,0.0,0.0,0.0,0.0,0.0,0.0,0.0,0.0,0.0,0.0,0.0,0.0,0.0,0.0
loiter_xy,loiter_xy-8048ce3efb,"loiter_xy|atc_ang_pit_p=9.5,atc_rat_pit_d=0.00775,atc_rat_pit_i=0,atc_rat_pit_p=0.0425,psc_ne_pos_p=0.4,psc_ne_vel_p=0.9",full,0.0425,0.0,0.00775,9.5,0.4,0.9,,9,7,0,False,,2.1057686757467264,12,,7.999999999999852,35.63871214115243,39.36413215493064,35.77025731774876,17.704382854393916,4.571428571428571,4.1343013124920756,4.458466176338471,0.0,12.090684300626165,16.90983108646203,0.17599964262972034,0.3268279336529723,0.4229974498851622,0.5849949213596638,2.0,4.285714285714286,6.8621428571427305,0.18491768540094597,0.3889122571362394,0.6096218696413657,1.4334778894310267,0.0,0.0,0.0,0.02953660674289262,0.0,0.0,0.0,4.598239273785831e-19,0.0,0.0,0.0,0.0,0.0,0.0,0.0,0.0,0.0,0.0,0.0,0.0,0.0,0.0,0.0,0.0,0.0,0.0
loiter_xy,loiter_xy-4912e0638f,"loiter_xy|atc_ang_pit_p=9.5,atc_rat_pit_d=0.00775,atc_rat_pit_i=0,atc_rat_pit_p=0.0425,psc_ne_pos_p=0.3,psc_ne_vel_p=1.1",full,0.0425,0.0,0.00775,9.5,0.3,1.1,,9,7,0,False,,2.126257388369596,13,,7.999999999999852,39.630762009425844,44.98871572299898,41.525138092027625,19.443898993229908,4.857142857142857,4.45567270194672,4.8420470719997395,0.0,13.00746864388694,20.035634884947346,0.19606633968918152,0.32904262313337235,0.38385977757523115,0.5818740054642267,2.0,8.285714285714286,6.8621428571427305,0.12025396089714649,0.3884869499562566,0.6780176292267502,1.8161949806660402,0.0,0.0,0.0,0.03289553027433145,0.0,0.0,0.0,4.845159693010366e-19,0.0,0.0,0.0,0.0,0.0,0.0,0.0,0.0,0.0,0.0,0.0,0.0,0.0,0.0,0.0,0.0,0.0,0.0
loiter_xy,loiter_xy-a15e8b6afb,"loiter_xy|atc_ang_pit_p=9.5,atc_rat_pit_d=0.00775,atc_rat_pit_i=0,atc_rat_pit_p=0.0425,psc_ne_pos_p=0.4,psc_ne_vel_p=1",full,0.0425,0.0,0.00775,9.5,0.4,1.0,,9,7,0,False,,2.1445496945749216,14,,7.999999999999852,38.152181928091736,43.34305435286075,40.25985234833541,18.759629875288347,4.571428571428571,4.415779668169298,4.831039403103964,0.0,12.78505209487304,18.617447053542993,0.17440776024266352,0.3313803734565151,0.4349410869192451,0.5811047638491197,2.5714285714285716,8.571428571428571,6.8621428571427305,0.16787086994835226,0.37257000637034865,0.6520535359797409,1.7160637697183763,0.0,0.0,0.0,0.03162352596845085,0.0,0.0,0.0,4.964034898578278e-19,0.0,0.0,0.0,0.0,0.0,0.0,0.0,0.0,0.0,0.0,0.0,0.0,0.0,0.0,0.0,0.0,0.0,0.0
loiter_xy,loiter_xy-563484e6e3,"loiter_xy|atc_ang_pit_p=9.5,atc_rat_pit_d=0.00775,atc_rat_pit_i=0,atc_rat_pit_p=0.0425,psc_ne_pos_p=1,psc_ne_vel_p=0.6",full,0.0425,0.0,0.00775,9.5,1.0,0.6,,9,7,0,False,,2.1450976962057533,15,,7.999999999999852,31.488615638205413,33.754485244890994,30.766936129314946,15.91956859181094,4.0,4.165064459601834,3.9508216403495355,0.0,9.834381196079923,14.20552670245319,0.22854830681126445,0.3569141771953349,0.36530102859097685,0.6434221631959467,2.2857142857142856,9.714285714285714,6.8621428571427305,0.07050783389138589,0.43444007056513406,0.5303976752602003,2.9810658031851434,0.0,0.0,0.0,0.025693698654367485,0.0,0.0,0.0,2.4719319659689294e-19,0.0,0.0,0.0,0.0,0.0,0.0,0.0,0.0,0.0,0.0,0.0,0.0,0.0,0.0,0.0,0.0,0.0,0.0
loiter_xy,loiter_xy-1979f1ea7c,"loiter_xy|atc_ang_pit_p=9.5,atc_rat_pit_d=0.00775,atc_rat_pit_i=0,atc_rat_pit_p=0.0425,psc_ne_pos_p=0.6,psc_ne_vel_p=0.8",full,0.0425,0.0,0.00775,9.5,0.6,0.8,,9,7,0,False,,2.1475381296357456,16,,7.999999999999852,34.41166020687651,36.2634575091465,32.330080541494766,17.113287609573398,4.571428571428571,4.183529764018248,4.29718419160765,0.0,12.074988724812561,16.13689088543441,0.20202080002849412,0.3333162545904732,0.38635088246642446,0.6011369407672319,2.5714285714285716,4.857142857142857,6.8621428571427305,0.23140250219924088,0.39019383448985073,0.5980584795150249,3.18891800824446,0.0,0.0,0.0,0.02897546700859615,0.0,0.0,0.0,4.204254883633126e-19,0.0,0.0,0.0,0.0,0.0,0.0,0.0,0.0,0.0,0.0,0.0,0.0,0.0,0.0,0.0,0.0,0.0,0.0
loiter_xy,loiter_xy-2bc464378f,"loiter_xy|atc_ang_pit_p=9.5,atc_rat_pit_d=0.00775,atc_rat_pit_i=0,atc_rat_pit_p=0.0425,psc_ne_pos_p=0.6,psc_ne_vel_p=0.9",full,0.0425,0.0,0.00775,9.5,0.6,0.9,,9,7,0,False,,2.1491347153013707,17,,7.999999999999852,36.80089359997538,39.94501616144917,36.28008913368283,18.238264287191846,4.571428571428571,4.486934565587211,4.688869823051909,0.0,12.695031242120324,18.089827155925782,0.16204821247439158,0.3391965769518941,0.4400421626552727,0.6028014909827937,2.5714285714285716,3.4285714285714284,6.8621428571427305,0.19349432056680976,0.3662334055053903,0.6342579249051287,2.3397717119111223,0.0,0.0,0.0,0.030761102117043325,0.0,0.0,0.0,4.922169307019393e-19,0.0,0.0,0.0,0.0,0.0,0.0,0.0,0.0,0.0,0.0,0.0,0.0,0.0,0.0,0.0,0.0,0.0,0.0
loiter_xy,loiter_xy-e99534bb5d,"loiter_xy|atc_ang_pit_p=9.5,atc_rat_pit_d=0.00775,atc_rat_pit_i=0,atc_rat_pit_p=0.0425,psc_ne_pos_p=0.2,psc_ne_vel_p=1",full,0.0425,0.0,0.00775,9.5,0.2,1.0,,9,7,0,False,,2.155976265622365,18,,7.999999999999852,35.84655884027928,39.680383132142076,36.07651312141771,17.954132369324753,4.571428571428571,3.945087612136831,4.283107864537665,0.0,11.871395047486065,17.393759122218107,0.24389207982264188,0.32217577360904937,0.3815355410408058,0.5717734183005739,1.4285714285714286,8.571428571428571,6.8621428571427305,0.17036227338542362,0.43332805493854537,0.6143810851167022,1.1176882173781333,0.0,0.0,0.0,0.02975599369604167,0.0,0.0,0.0,4.546065710705055e-19,0.0,0.0,0.0,0.0,0.0,0.0,0.0,0.0,0.0,0.0,0.0,0.0,0.0,0.0,0.0,0.0,0.0,0.0
loiter_xy,loiter_xy-041557722d,"loiter_xy|atc_ang_pit_p=9.5,atc_rat_pit_d=0.00775,atc_rat_pit_i=0,atc_rat_pit_p=0.0425,psc_ne_pos_p=0.7,psc_ne_vel_p=0.6",full,0.0425,0.0,0.00775,9.5,0.7,0.6,,9,7,0,False,,2.1612576707588502,19,,7.999999999999852,30.185309971687445,32.20083334155852,29.192471406790418,15.284951464821505,4.0,3.716579146094937,3.7555016410430224,0.0,9.22723156507998,12.82616997715057,0.2131971675035396,0.35299265674934543,0.4426051715881626,0.6355860587782498,1.1428571428571428,6.857142857142857,6.8621428571427305,0.11752296492784327,0.43679517465433576,0.5054768070707887,1.567039309663624,0.0,0.0,0.0,0.02445998732670748,0.0,0.0,0.0,1.9759308791695978e-19,0.0,0.0,0.0,0.0,0.0,0.0,0.0,0.0,0.0,0.0,0.0,0.0,0.0,0.0,0.0,0.0,0.0,0.0
loiter_xy,loiter_xy-750e336bef,"loiter_xy|atc_ang_pit_p=9.5,atc_rat_pit_d=0.00775,atc_rat_pit_i=0,atc_rat_pit_p=0.0425,psc_ne_pos_p=0.7,psc_ne_vel_p=0.8",full,0.0425,0.0,0.00775,9.5,0.7,0.8,,9,7,0,False,,2.1627325282381737,20,,7.999999999999852,34.8035611550244,36.52872456058422,32.692719554776936,17.41878065881694,4.571428571428571,4.327517668586744,4.357282148301125,0.0,12.295046642254063,16.5314640723985,0.19927664554921382,0.334943317183952,0.3961208397069135,0.6050967143121876,2.5714285714285716,4.857142857142857,6.8621428571427305,0.23649944504295212,0.38714748110096586,0.6071470439288965,3.4984059395982032,0.0,0.0,0.0,0.029425356061347076,0.0,0.0,0.0,4.383376042430292e-19,0.0,0.0,0.0,0.0,0.0,0.0,0.0,0.0,0.0,0.0,0.0,0.0,0.0,0.0,0.0,0.0,0.0,0.0
loiter_xy,loiter_xy-674f4c1c8a,"loiter_xy|atc_ang_pit_p=9.5,atc_rat_pit_d=0.00775,atc_rat_pit_i=0,atc_rat_pit_p=0.0425,psc_ne_pos_p=0.8,psc_ne_vel_p=0.6",full,0.0425,0.0,0.00775,9.5,0.8,0.6,,9,7,0,False,,2.163334227231151,21,,7.999999999999852,30.697913368891893,33.202932385595524,30.085414103466128,15.318209282214735,4.0,3.8481392910291787,3.809828721124549,0.0,9.523340254302424,13.549919667227242,0.2496130837624419,0.34771590388578993,0.4020456052106428,0.6302606114554395,1.4285714285714286,4.571428571428571,6.8621428571427305,0.05293805412870112,0.4381467009734852,0.5186303213375093,3.0769310367071276,0.0,0.0,0.0,0.025104143161630958,0.0,0.0,0.0,2.098238501727236e-19,0.0,0.0,0.0,0.0,0.0,0.0,0.0,0.0,0.0,0.0,0.0,0.0,0.0,0.0,0.0,0.0,0.0,0.0
loiter_xy,loiter_xy-f95d5e8f9f,"loiter_xy|atc_ang_pit_p=9.5,atc_rat_pit_d=0.00775,atc_rat_pit_i=0,atc_rat_pit_p=0.0425,psc_ne_pos_p=1.1,psc_ne_vel_p=0.6",full,0.0425,0.0,0.00775,9.5,1.1,0.6,,9,7,0,False,,2.167924593851985,22,,7.999999999999852,31.875494441748053,34.52808838187131,31.6173944029166,16.174232665458387,4.0,4.332679037282601,4.112161244204294,0.0,10.312572461234,14.674577910087807,0.21231778850980007,0.3619185673281714,0.38087330852356305,0.6460937380125643,2.0,10.857142857142858,6.8621428571427305,0.10642291645406206,0.4352819102109426,0.5346543659838257,2.088905601772677,0.0,0.0,0.0,0.025914905629858345,0.0,0.0,0.0,2.556693670015119e-19,0.0,0.0,0.0,0.0,0.0,0.0,0.0,0.0,0.0,0.0,0.0,0.0,0.0,0.0,0.0,0.0,0.0,0.0
loiter_xy,loiter_xy-d49632f20e,"loiter_xy|atc_ang_pit_p=9.5,atc_rat_pit_d=0.00775,atc_rat_pit_i=0,atc_rat_pit_p=0.0425,psc_ne_pos_p=0.5,psc_ne_vel_p=0.9",full,0.0425,0.0,0.00775,9.5,0.5,0.9,,9,7,0,False,,2.1695608702341835,23,,7.999999999999852,36.376637514913945,40.14030247306567,36.59305564775695,17.88333780626123,4.571428571428571,4.327324100755665,4.634383869965886,0.0,12.489884180974128,17.549458769111137,0.17631340892115382,0.3378775977207647,0.44932642916975213,0.599969473709283,2.5714285714285716,4.571428571428571,6.8621428571427305,0.18933917652122018,0.3765867393329234,0.6242209532607736,1.951642688337347,0.0,0.0,0.0,0.030260202568898092,0.0,0.0,0.0,4.587979605554008e-19,0.0,0.0,0.0,0.0,0.0,0.0,0.0,0.0,0.0,0.0,0.0,0.0,0.0,0.0,0.0,0.0,0.0,0.0
loiter_xy,loiter_xy-3790514220,"loiter_xy|atc_ang_pit_p=9.5,atc_rat_pit_d=0.00775,atc_rat_pit_i=0,atc_rat_pit_p=0.0425,psc_ne_pos_p=0.9,psc_ne_vel_p=0.7",full,0.0425,0.0,0.00775,9.5,0.9,0.7,,9,7,0,False,,2.1746501222530386,24,,7.999999999999852,33.086878656784535,33.281152419098234,29.6119864136235,16.70938317497393,4.285714285714286,4.312676162409589,4.008122477159089,0.0,10.55084635993622,15.478220088152003,0.19430010561047256,0.3677386493983145,0.41275475116858046,0.6699871648304596,3.142857142857143,5.428571428571429,6.8621428571427305,0.11208757708282147,0.4020174931543473,0.5648402930967437,3.115995231410752,0.0,0.0,0.0,0.027380550745432972,0.0,0.0,0.0,3.51948379774247e-19,0.0,0.0,0.0,0.0,0.0,0.0,0.0,0.0,0.0,0.0,0.0,0.0,0.0,0.0,0.0,0.0,0.0,0.0
loiter_xy,loiter_xy-d6c0647095,"loiter_xy|atc_ang_pit_p=9.5,atc_rat_pit_d=0.00775,atc_rat_pit_i=0,atc_rat_pit_p=0.0425,psc_ne_pos_p=0.4,psc_ne_vel_p=1.1",full,0.0425,0.0,0.00775,9.5,0.4,1.1,,9,7,0,False,,2.1997609140138543,25,,7.999999999999852,40.57727127968516,45.912948272391795,42.441288657024316,19.992769909732484,4.857142857142857,4.682743615553558,5.029430004397719,0.0,13.546521942663157,20.247268303564848,0.1733851156613231,0.35133183096896087,0.4365059558997087,0.61740850602583,2.857142857142857,8.857142857142858,6.8621428571427305,0.13171072628444844,0.3595853274733009,0.6939105704194214,1.9923471153557324,0.0,0.0,0.0,0.03368962398096472,0.0,0.0,0.0,5.050213449600668e-19,0.0,0.0,0.0,0.0,0.0,0.0,0.0,0.0,0.0,0.0,0.0,0.0,0.0,0.0,0.0,0.0,0.0,0.0
loiter_xy,loiter_xy-3a11ff4285,"loiter_xy|atc_ang_pit_p=9.5,atc_rat_pit_d=0.00775,atc_rat_pit_i=0,atc_rat_pit_p=0.0425,psc_ne_pos_p=0.2,psc_ne_vel_p=1.1",full,0.0425,0.0,0.00775,9.5,0.2,1.1,,9,7,0,False,,2.2116393263770378,26,,7.999999999999852,38.41609429779543,43.54145924904101,40.05094127694084,19.082370588944247,4.857142857142857,4.2242695491772615,4.649083848925704,0.0,12.494129061309513,18.981778734487055,0.2583279541933358,0.321721167236877,0.38567051147715886,0.5659394991164823,1.4285714285714286,8.285714285714286,6.8621428571427305,0.16207061951438254,0.4262014202950519,0.6582672142052935,1.3851055870346773,0.0,0.0,0.0,0.03191435441987288,0.0,0.0,0.0,4.852588456144759e-19,0.0,0.0,0.0,0.0,0.0,0.0,0.0,0.0,0.0,0.0,0.0,0.0,0.0,0.0,0.0,0.0,0.0,0.0
loiter_xy,loiter_xy-28c79cb6a4,"loiter_xy|atc_ang_pit_p=9.5,atc_rat_pit_d=0.00775,atc_rat_pit_i=0,atc_rat_pit_p=0.0425,psc_ne_pos_p=0.5,psc_ne_vel_p=1",full,0.0425,0.0,0.00775,9.5,0.5,1.0,,9,7,0,False,,2.2149515394904675,27,,7.999999999999852,39.11330900840414,44.04916898824221,40.82473972174245,19.233265326288443,4.571428571428571,4.649482526862436,5.014600259615357,0.0,13.314295582900831,19.40417310697826,0.1752437566122109,0.3463928445624033,0.45843812796631783,0.6070629210682795,2.5714285714285716,8.285714285714286,6.8621428571427305,0.1596608825358236,0.35979311969731337,0.6709474828938065,2.2907554795393223,0.0,0.0,0.0,0.03256351316615816,0.0,0.0,0.0,5.220676537845459e-19,0.0,0.0,0.0,0.0,0.0,0.0,0.0,0.0,0.0,0.0,0.0,0.0,0.0,0.0,0.0,0.0,0.0,0.0
loiter_xy,loiter_xy-94da14d92f,"loiter_xy|atc_ang_pit_p=9.5,atc_rat_pit_d=0.00775,atc_rat_pit_i=0,atc_rat_pit_p=0.0425,psc_ne_pos_p=0.2,psc_ne_vel_p=1.2",full,0.0425,0.0,0.00775,9.5,0.2,1.2,,9,7,0,False,,2.2159662375854072,28,,7.999999999999852,40.3816417496462,45.58816871094956,42.016963290755484,20.01821430357311,4.857142857142857,4.4228707699957175,4.846470318155702,0.0,12.896116297671105,20.197831969635786,0.23431262972186495,0.33439395864181204,0.4062556654648365,0.5973707220958163,1.7142857142857142,7.142857142857143,6.8621428571427305,0.09175941820693063,0.4055429253991742,0.6931282469139785,1.2693606526013395,0.0,0.0,0.0,0.03362706791819334,0.0,0.0,0.0,4.885696992636601e-19,0.0,0.0,0.0,0.0,0.0,0.0,0.0,0.0,0.0,0.0,0.0,0.0,0.0,0.0,0.0,0.0,0.0,0.0
loiter_xy,loiter_xy-e66ce578e1,"loiter_xy|atc_ang_pit_p=9.5,atc_rat_pit_d=0.00775,atc_rat_pit_i=0,atc_rat_pit_p=0.0425,psc_ne_pos_p=0.3,psc_ne_vel_p=1.2",full,0.0425,0.0,0.00775,9.5,0.3,1.2,,9,7,0,False,,2.2186403615943324,29,,7.999999999999852,41.634017944739135,46.65311999208931,42.88895692033083,20.739720626009767,4.857142857142857,4.670205650775431,4.974312155999868,0.0,13.461222707831485,21.11339024420041,0.18123904659740972,0.358569956319817,0.43052097853576266,0.6419246581039489,3.142857142857143,6.857142857142857,6.8621428571427305,0.09091376820680226,0.369270613385134,0.7131114180636013,1.5948964078577248,0.0,0.0,0.0,0.03462472963999187,0.0,0.0,0.0,4.972751629211329e-19,0.0,0.0,0.0,0.0,0.0,0.0,0.0,0.0,0.0,0.0,0.0,0.0,0.0,0.0,0.0,0.0,0.0,0.0
loiter_xy,loiter_xy-e654c59e40,"loiter_xy|atc_ang_pit_p=9.5,atc_rat_pit_d=0.00775,atc_rat_pit_i=0,atc_rat_pit_p=0.0425,psc_ne_pos_p=0.9,psc_ne_vel_p=0.6",full,0.0425,0.0,0.00775,9.5,0.9,0.6,,9,7,0,False,,2.233034100090966,30,,7.999999999999852,31.252475180175956,33.82749365374464,30.831752374117702,15.584356913226989,4.0,4.038672826674662,3.959452474349964,0.0,9.756185566735725,13.773837237767605,0.25860999607010904,0.3591130257905837,0.3920837621727963,0.6492290902546191,1.4285714285714286,10.285714285714286,6.8621428571427305,0.0939728669193614,0.4428188249625954,0.5268972833776171,3.1108751411836946,0.0,0.0,0.0,0.025515397760480108,0.0,0.0,0.0,2.421032832879476e-19,0.0,0.0,0.0,0.0,0.0,0.0,0.0,0.0,0.0,0.0,0.0,0.0,0.0,0.0,0.0,0.0,0.0,0.0
loiter_xy,loiter_xy-602f3210b8,"loiter_xy|atc_ang_pit_p=9.5,atc_rat_pit_d=0.00775,atc_rat_pit_i=0,atc_rat_pit_p=0.0425,psc_ne_pos_p=1.1,psc_ne_vel_p=0.7",full,0.0425,0.0,0.00775,9.5,1.1,0.7,,9,7,0,False,,2.2377792533843226,31,,7.999999999999852,34.35818558983509,35.66241872026212,31.83648390296769,17.462702052949926,4.285714285714286,4.700355531810134,4.330870043655007,0.0,11.17235168963922,16.714706312879493,0.18419410393695784,0.38488519123619735,0.3989597247371473,0.7009279037887518,3.142857142857143,5.714285714285714,6.8621428571427305,0.13915748367532413,0.40843950713429994,0.583129385753888,3.0930662461385556,0.0,0.0,0.0,0.028302673876883833,0.0,0.0,0.0,3.9158385976653304e-19,0.0,0.0,0.0,0.0,0.0,0.0,0.0,0.0,0.0,0.0,0.0,0.0,0.0,0.0,0.0,0.0,0.0,0.0
loiter_xy,loiter_xy-91a871bfd7,"loiter_xy|atc_ang_pit_p=9.5,atc_rat_pit_d=0.00775,atc_rat_pit_i=0,atc_rat_pit_p=0.0425,psc_ne_pos_p=0.7,psc_ne_vel_p=0.9",full,0.0425,0.0,0.00775,9.5,0.7,0.9,,9,7,0,False,,2.238079533455372,32,,7.999999999999852,37.5550314006934,40.41053601147406,36.67710876664803,18.587561947644524,4.571428571428571,4.703723305913962,4.848181605672735,0.0,13.124735847476114,18.8262846017094,0.1703766561789181,0.35352099877356297,0.46423960985222384,0.6261721354690943,3.142857142857143,3.142857142857143,6.8621428571427305,0.20656224182537988,0.3623249454381691,0.6474617036366661,2.351572012592185,0.0,0.0,0.0,0.03142425987252596,0.0,0.0,0.0,4.854053012553319e-19,0.0,0.0,0.0,0.0,0.0,0.0,0.0,0.0,0.0,0.0,0.0,0.0,0.0,0.0,0.0,0.0,0.0,0.0
loiter_xy,loiter_xy-cd3abbbd95,"loiter_xy|atc_ang_pit_p=9.5,atc_rat_pit_d=0.00775,atc_rat_pit_i=0,atc_rat_pit_p=0.0425,psc_ne_pos_p=0.5,psc_ne_vel_p=1.1",full,0.0425,0.0,0.00775,9.5,0.5,1.1,,9,7,0,False,,2.247150629894873,33,,7.999999999999852,41.72785094596338,47.298646558852134,43.91713046598204,20.410617293447583,4.571428571428571,4.931667457400542,5.283947657377015,0.0,14.170077821739255,21.058800450102687,0.17210193208519123,0.3627547601254336,0.4587889410744082,0.636961292581236,3.4285714285714284,8.285714285714286,6.8621428571427305,0.1433383000925084,0.3471708385467047,0.7147082031720214,2.443205270195711,0.0,0.0,0.0,0.03472872754537714,0.0,0.0,0.0,5.069036980242798e-19,0.0,0.0,0.0,0.0,0.0,0.0,0.0,0.0,0.0,0.0,0.0,0.0,0.0,0.0,0.0,0.0,0.0,0.0
loiter_xy,loiter_xy-4e766f4ad4,"loiter_xy|atc_ang_pit_p=9.5,atc_rat_pit_d=0.00775,atc_rat_pit_i=0,atc_rat_pit_p=0.0425,psc_ne_pos_p=0.3,psc_ne_vel_p=1.3",full,0.0425,0.0,0.00775,9.5,0.3,1.3,,9,7,0,False,,2.249248704815764,34,,7.999999999999852,43.742317078854185,48.078350596433246,43.42675689312797,21.876075249954916,5.142857142857143,4.879756540337581,5.0892251555458765,0.0,14.453272409731747,22.542027577667085,0.1590172331121329,0.3742809065998481,0.4203410171662136,0.6815253158463166,3.4285714285714284,2.857142857142857,6.8621428571427305,0.14843037830911204,0.3574434797564742,0.7540557115822485,2.214603798225506,0.0,0.0,0.0,0.03664566791248168,0.0,0.0,0.0,4.728760806024614e-19,0.0,0.0,0.0,0.0,0.0,0.0,0.0,0.0,0.0,0.0,0.0,0.0,0.0,0.0,0.0,0.0,0.0,0.0
loiter_xy,loiter_xy-d39874fd60,"loiter_xy|atc_ang_pit_p=9.5,atc_rat_pit_d=0.00775,atc_rat_pit_i=0,atc_rat_pit_p=0.0425,psc_ne_pos_p=1,psc_ne_vel_p=0.7",full,0.0425,0.0,0.00775,9.5,1.0,0.7,,9,7,0,False,,2.254845161666497,35,,7.999999999999852,33.89058278963096,34.6244457805089,30.878970829693376,17.151174900588757,4.285714285714286,4.517135728327118,4.226985218721492,0.0,10.800809257411686,16.20641330241092,0.19964992529108755,0.38495542327877796,0.41702629781584594,0.7015102161936105,3.7142857142857144,3.142857142857143,6.8621428571427305,0.10991197198546292,0.4050174909809563,0.5768200750271805,3.1077019119863847,0.0,0.0,0.0,0.027979717614068374,0.0,0.0,0.0,3.7086455436726373e-19,0.0,0.0,0.0,0.0,0.0,0.0,0.0,0.0,0.0,0.0,0.0,0.0,0.0,0.0,0.0,0.0,0.0,0.0
loiter_xy,loiter_xy-320ed4830f,"loiter_xy|atc_ang_pit_p=9.5,atc_rat_pit_d=0.00775,atc_rat_pit_i=0,atc_rat_pit_p=0.0425,psc_ne_pos_p=0.2,psc_ne_vel_p=1.3",full,0.0425,0.0,0.00775,9.5,0.2,1.3,,9,7,0,False,,2.264833713375098,36,,7.999999999999852,42.49655018754901,47.6553540288301,43.472889516856604,21.221479652094622,4.857142857142857,4.626137622675001,4.974155631727833,0.0,13.906998428589345,21.666168902717573,0.2297685003971874,0.3538007595528499,0.39311793626264474,0.6356100216569038,2.0,4.285714285714286,6.8621428571427305,0.08836619898675123,0.39746470536381956,0.7310574226255263,1.380611415466278,0.0,0.0,0.0,0.0354965060134255,0.0,0.0,0.0,5.101679402968866e-19,0.0,0.0,0.0,0.0,0.0,0.0,0.0,0.0,0.0,0.0,0.0,0.0,0.0,0.0,0.0,0.0,0.0,0.0
loiter_xy,loiter_xy-a1984c5e97,"loiter_xy|atc_ang_pit_p=9.5,atc_rat_pit_d=0.00775,atc_rat_pit_i=0,atc_rat_pit_p=0.0425,psc_ne_pos_p=0.4,psc_ne_vel_p=1.2",full,0.0425,0.0,0.00775,9.5,0.4,1.2,,9,7,0,False,,2.2719835190903654,37,,7.999999999999852,42.87020963795484,47.91911790507057,43.981310999449114,21.24365131722913,4.857142857142857,4.922417733812414,5.187964732488461,0.0,14.225327052074622,21.933020710222724,0.17033448062526588,0.3775395158798956,0.44109487194650204,0.6750707680005812,3.142857142857143,7.428571428571429,6.8621428571427305,0.12279271562177031,0.3494411450328248,0.736007265373744,2.276425069954818,0.0,0.0,0.0,0.03576821415874846,0.0,0.0,0.0,4.861784890631525e-19,0.0,0.0,0.0,0.0,0.0,0.0,0.0,0.0,0.0,0.0,0.0,0.0,0.0,0.0,0.0,0.0,0.0,0.0
loiter_xy,loiter_xy-104847802d,"loiter_xy|atc_ang_pit_p=9.5,atc_rat_pit_d=0.00775,atc_rat_pit_i=0,atc_rat_pit_p=0.0425,psc_ne_pos_p=0.6,psc_ne_vel_p=0.7",full,0.0425,0.0,0.00775,9.5,0.6,0.7,,9,7,0,False,,2.272637452905825,38,,7.999999999999852,32.01334486743299,33.429886732334786,30.223385192141137,16.004252056141095,4.285714285714286,3.8785969456556137,3.91423046104351,0.0,10.157991305984833,13.984275362550564,0.2563353293870776,0.35431847926332205,0.3945750811283611,0.6470474852798083,2.2857142857142856,7.142857142857143,6.8621428571427305,0.23303774130788288,0.4263369762409486,0.5393488000386666,1.6165785783960889,0.0,0.0,0.0,0.0261107194404529,0.0,0.0,0.0,3.0162980284143584e-19,0.0,0.0,0.0,0.0,0.0,0.0,0.0,0.0,0.0,0.0,0.0,0.0,0.0,0.0,0.0,0.0,0.0,0.0
loiter_xy,loiter_xy-a0e0bfee30,"loiter_xy|atc_ang_pit_p=9.5,atc_rat_pit_d=0.00775,atc_rat_pit_i=0,atc_rat_pit_p=0.0425,psc_ne_pos_p=1.2,psc_ne_vel_p=0.7",full,0.0425,0.0,0.00775,9.5,1.2,0.7,,9,7,0,False,,2.2745171590922424,39,,7.999999999999852,34.92999539691714,37.00282530518423,33.553230661597055,17.355572740863288,4.0,4.915127693879424,4.606252096520726,0.0,11.83454267248741,17.373188509838815,0.1812631923581122,0.392724064734612,0.4111452900704334,0.7143520704569614,3.4285714285714284,7.428571428571429,6.8621428571427305,0.10068392473088404,0.41356783902320593,0.5884762303038578,2.154624682070326,0.0,0.0,0.0,0.02858389855661475,0.0,0.0,0.0,3.9196518517796743e-19,0.0,0.0,0.0,0.0,0.0,0.0,0.0,0.0,0.0,0.0,0.0,0.0,0.0,0.0,0.0,0.0,0.0,0.0
loiter_xy,loiter_xy-aa72433a13,"loiter_xy|atc_ang_pit_p=9.5,atc_rat_pit_d=0.00775,atc_rat_pit_i=0,atc_rat_pit_p=0.0425,psc_ne_pos_p=0.6,psc_ne_vel_p=1",full,0.0425,0.0,0.00775,9.5,0.6,1.0,,9,7,0,False,,2.279789811725119,40,,7.999999999999852,40.08805397829972,44.92555987853957,41.54647262509137,19.53639195828507,4.571428571428571,4.885834123636223,5.246903609133426,0.0,13.845985266959882,20.10366291332755,0.18142596327618468,0.35710232022162103,0.48295395225867527,0.6264297973244451,2.5714285714285716,7.428571428571429,6.8621428571427305,0.18118772285074808,0.35286446967688495,0.6880766610166267,2.40573160765064,0.0,0.0,0.0,0.03342256853893226,0.0,0.0,0.0,5.161885757422445e-19,0.0,0.0,0.0,0.0,0.0,0.0,0.0,0.0,0.0,0.0,0.0,0.0,0.0,0.0,0.0,0.0,0.0,0.0
loiter_xy,loiter_xy-fee8ed80d7,"loiter_xy|atc_ang_pit_p=9.5,atc_rat_pit_d=0.00775,atc_rat_pit_i=0,atc_rat_pit_p=0.0425,psc_ne_pos_p=0.7,psc_ne_vel_p=0.7",full,0.0425,0.0,0.00775,9.5,0.7,0.7,,9,7,0,False,,2.2836960122590915,41,,7.999999999999852,32.574016266765355,33.92184364568373,30.570354574178232,16.348804327009898,4.285714285714286,4.040421326298685,3.999299878229145,0.0,10.361967730115298,14.310352826935391,0.2588462729426306,0.36369462937764396,0.3849920247742971,0.6601904559156913,2.2857142857142856,8.571428571428571,6.8621428571427305,0.19017108932307458,0.4190290153200081,0.5498881034561262,2.0056742058921566,0.0,0.0,0.0,0.026633019754329714,0.0,0.0,0.0,3.3805940907827616e-19,0.0,0.0,0.0,0.0,0.0,0.0,0.0,0.0,0.0,0.0,0.0,0.0,0.0,0.0,0.0,0.0,0.0,0.0
loiter_xy,loiter_xy-f167bd2c04,"loiter_xy|atc_ang_pit_p=9.5,atc_rat_pit_d=0.00775,atc_rat_pit_i=0,atc_rat_pit_p=0.0425,psc_ne_pos_p=0.8,psc_ne_vel_p=0.7",full,0.0425,0.0,0.00775,9.5,0.8,0.7,,9,7,0,False,,2.305334952020717,42,,7.999999999999852,33.07452886900578,34.35712613441952,31.002405039316045,16.52099326208489,4.285714285714286,4.206601526867904,4.094809080730527,0.0,10.637575782234753,14.88005922280253,0.25633199914019694,0.3722010558320238,0.392922543532614,0.6716075636963138,2.2857142857142856,8.0,6.8621428571427305,0.16719529735028318,0.4163936869647144,0.5589123637666099,2.1675868657301836,0.0,0.0,0.0,0.02708259748934628,0.0,0.0,0.0,3.4236363189888684e-19,0.0,0.0,0.0,0.0,0.0,0.0,0.0,0.0,0.0,0.0,0.0,0.0,0.0,0.0,0.0,0.0,0.0,0.0
loiter_xy,loiter_xy-417a8fc76d,"loiter_xy|atc_ang_pit_p=9.5,atc_rat_pit_d=0.00775,atc_rat_pit_i=0,atc_rat_pit_p=0.0425,psc_ne_pos_p=0.4,psc_ne_vel_p=0.5",full,0.0425,0.0,0.00775,9.5,0.4,0.5,,9,7,0,False,,2.3103329508574815,43,,7.999999999999852,26.98265206601837,31.35463995658824,29.055999554926178,13.990546869316457,3.7142857142857144,2.968416800670351,3.5363862623068774,0.0,9.240443806835895,10.241406884576628,0.2574282154442704,0.35644453182361546,0.5730333067151487,0.6260096745002869,2.0,5.428571428571429,6.8621428571427305,0.12126131144358716,0.5124392078825276,0.45421125057865686,1.8207814035582193,0.0,0.0,0.0,0.021942361026993568,0.0,0.0,0.0,2.2560072298116877e-19,0.0,0.0,0.0,0.0,0.0,0.0,0.0,0.0,0.0,0.0,0.0,0.0,0.0,0.0,0.0,0.0,0.0,0.0
loiter_xy,loiter_xy-80a159c2e3,"loiter_xy|atc_ang_pit_p=9.5,atc_rat_pit_d=0.00775,atc_rat_pit_i=0,atc_rat_pit_p=0.0425,psc_ne_pos_p=0.4,psc_ne_vel_p=1.3",full,0.0425,0.0,0.00775,9.5,0.4,1.3,,9,7,0,False,,2.314896646768714,44,,7.999999999999852,45.25454974738516,49.46062579483618,44.728157704762324,22.718037829172346,5.142857142857143,5.172613876522518,5.354896609763956,0.0,15.135564997014935,23.573479283261545,0.15728288074217908,0.3999539758584016,0.4392442527925042,0.7308470816512588,3.142857142857143,3.142857142857143,6.8621428571427305,0.11088812698866289,0.3398308661220784,0.7818135207536215,2.578979489644873,0.0,0.0,0.0,0.03803315278079485,0.0,0.0,0.0,4.68854933774565e-19,0.0,0.0,0.0,0.0,0.0,0.0,0.0,0.0,0.0,0.0,0.0,0.0,0.0,0.0,0.0,0.0,0.0,0.0
loiter_xy,loiter_xy-1051a284a7,"loiter_xy|atc_ang_pit_p=9.5,atc_rat_pit_d=0.00775,atc_rat_pit_i=0,atc_rat_pit_p=0.0425,psc_ne_pos_p=0.2,psc_ne_vel_p=1.4",full,0.0425,0.0,0.00775,9.5,0.2,1.4,,9,7,0,False,,2.3209447276533854,45,,7.999999999999852,44.59794832238866,49.833933752726765,44.707045142990765,22.5642226499315,5.142857142857143,4.828761005860778,5.165749798214795,0.0,14.683763597089783,22.950399542609357,0.21996798246875884,0.37678270730134217,0.4008727392688283,0.6754578417081692,2.2857142857142856,6.857142857142857,6.8621428571427305,0.09928573929301406,0.3870938689012586,0.7710918902462499,1.4912205741706166,0.0,0.0,0.0,0.037472159989583274,0.0,0.0,0.0,4.368496032943393e-19,0.0,0.0,0.0,0.0,0.0,0.0,0.0,0.0,0.0,0.0,0.0,0.0,0.0,0.0,0.0,0.0,0.0,0.0
loiter_xy,loiter_xy-ea6eab2f02,"loiter_xy|atc_ang_pit_p=9.5,atc_rat_pit_d=0.00775,atc_rat_pit_i=0,atc_rat_pit_p=0.0425,psc_ne_pos_p=0.3,psc_ne_vel_p=0.5",full,0.0425,0.0,0.00775,9.5,0.3,0.5,,9,7,0,False,,2.324437740772591,46,,7.999999999999852,26.42370068155268,30.578628784864293,28.191115555639346,13.933567200553641,3.7142857142857144,2.848717707308211,3.375650296369703,0.0,8.912038712527098,9.86381997562559,0.2971947515296235,0.3388622336597897,0.5354700017187274,0.5985219877330946,2.0,5.142857142857143,6.8621428571427305,0.1992991453687544,0.5424167553218459,0.44214429123368254,1.438382198064583,0.0,0.0,0.0,0.02135568784773061,0.0,0.0,0.0,1.9704605532242783e-19,0.0,0.0,0.0,0.0,0.0,0.0,0.0,0.0,0.0,0.0,0.0,0.0,0.0,0.0,0.0,0.0,0.0,0.0
loiter_xy,loiter_xy-d174b5bd06,"loiter_xy|atc_ang_pit_p=9.5,atc_rat_pit_d=0.00775,atc_rat_pit_i=0,atc_rat_pit_p=0.0425,psc_ne_pos_p=0.3,psc_ne_vel_p=1.4",full,0.0425,0.0,0.00775,9.5,0.3,1.4,,9,7,0,False,,2.324642684726331,47,,7.999999999999852,46.230959612185245,50.46631658397376,45.20438289983896,23.358908074704086,5.142857142857143,5.134540826254719,5.372862239818178,0.0,15.284024921103407,23.987997000059345,0.17916766844506596,0.39895669071463663,0.40516655158503034,0.7214284479285201,3.4285714285714284,6.0,6.8621428571427305,0.11957902301609342,0.353222517609132,0.8029635573269012,2.2234623559809874,0.0,0.0,0.0,0.03905914834790738,0.0,0.0,0.0,4.440663677436861e-19,0.0,0.0,0.0,0.0,0.0,0.0,0.0,0.0,0.0,0.0,0.0,0.0,0.0,0.0,0.0,0.0,0.0,0.0
loiter_xy,loiter_xy-aefd14f382,"loiter_xy|atc_ang_pit_p=9.5,atc_rat_pit_d=0.00775,atc_rat_pit_i=0,atc_rat_pit_p=0.0425,psc_ne_pos_p=0.5,psc_ne_vel_p=1.2",full,0.0425,0.0,0.00775,9.5,0.5,1.2,,9,7,0,False,,2.325282204652835,48,,7.999999999999852,44.261120150770644,49.35955135811208,45.24581345464195,21.92065767941986,4.857142857142857,5.202132570027131,5.442166209976305,0.0,15.021309013864945,22.908042379397575,0.16901589654248012,0.3934858805849791,0.4569819120275741,0.7034164691026099,3.142857142857143,7.142857142857143,6.8621428571427305,0.12866095360868382,0.3379759924841626,0.7595841662048176,2.4916311470769688,0.0,0.0,0.0,0.036954882264697224,0.0,0.0,0.0,4.99656239834121e-19,0.0,0.0,0.0,0.0,0.0,0.0,0.0,0.0,0.0,0.0,0.0,0.0,0.0,0.0,0.0,0.0,0.0,0.0
loiter_xy,loiter_xy-5834272a57,"loiter_xy|atc_ang_pit_p=9.5,atc_rat_pit_d=0.00775,atc_rat_pit_i=0,atc_rat_pit_p=0.0425,psc_ne_pos_p=0.6,psc_ne_vel_p=1.1",full,0.0425,0.0,0.00775,9.5,0.6,1.1,,9,7,0,False,,2.332873517320601,49,,7.999999999999852,42.89149160474246,48.377275324165616,44.845319542542896,20.966247735126835,4.571428571428571,5.190802262207093,5.5130703233585825,0.0,14.825215838265118,22.04315300965842,0.1811539305138538,0.3812907645489454,0.48727625197076957,0.6704105523488005,3.4285714285714284,8.285714285714286,6.8621428571427305,0.1444753446818642,0.3439465816220194,0.7349560243158871,2.4657905233097743,0.0,0.0,0.0,0.03574715583052028,0.0,0.0,0.0,5.205743110436996e-19,0.0,0.0,0.0,0.0,0.0,0.0,0.0,0.0,0.0,0.0,0.0,0.0,0.0,0.0,0.0,0.0,0.0,0.0
loiter_xy,loiter_xy-0ab49a6500,"loiter_xy|atc_ang_pit_p=9.5,atc_rat_pit_d=0.00775,atc_rat_pit_i=0,atc_rat_pit_p=0.0425,psc_ne_pos_p=1.2,psc_ne_vel_p=0.6",full,0.0425,0.0,0.00775,9.5,1.2,0.6,,9,7,0,False,,2.340290959102243,50,,7.999999999999852,32.215062041568316,34.81631690259791,31.865077893867124,16.02389643627919,3.7142857142857144,4.529985567297085,4.365763695964376,0.0,11.11652115072933,15.110040355495844,0.20067606068094693,0.4019983260815439,0.4656813211651195,0.6987827793666145,3.142857142857143,8.285714285714286,6.8621428571427305,0.1386477338487504,0.44161865521026594,0.5408231015670164,2.399550984250992,0.0,0.0,0.0,0.026230510564521328,0.0,0.0,0.0,2.6831438973924722e-19,0.0,0.0,0.0,0.0,0.0,0.0,0.0,0.0,0.0,0.0,0.0,0.0,0.0,0.0,0.0,0.0,0.0,0.0
